name,desc,NORTH,EAST,SOUTH,WEST,map
,,,,,,
The Half-full Mug,You enter a lively and crowded tavern. There is a door to the North and West,,The Manaa Waste,The Land of Poison Tears,,"[[1, 2, 5, 2, 1, 3, 5, 1, 4, 0, 5, 6, 3, 1, 4, 3, 4, 0, 1, 5],
       [0, 2, 0, 2, 2, 1, 4, 5, 5, 0, 6, 4, 5, 6, 0, 5, 3, 6, 5, 6],
       [6, 6, 0, 6, 1, 3, 2, 1, 1, 0, 0, 0, 2, 3, 5, 3, 1, 0, 3, 1],
       [3, 0, 6, 4, 5, 6, 0, 1, 5, 0, 2, 5, 1, 2, 0, 0, 4, 2, 3, 0],
       [0, 0, 0, 0, 0, 0, 0, 0, 0, 0, 0, 0, 0, 0, 0, 0, 0, 0, 0, 0],
       [1, 3, 2, 0, 1, 3, 0, 0, 6, 0, 2, 1, 1, 6, 5, 6, 0, 2, 3, 3],
       [3, 1, 1, 2, 5, 0, 2, 6, 0, 0, 1, 6, 6, 5, 2, 6, 4, 6, 5, 5],
       [5, 2, 6, 6, 2, 3, 6, 4, 0, 0, 6, 5, 0, 5, 1, 5, 1, 5, 0, 4],
       [5, 4, 4, 5, 0, 1, 4, 5, 3, 0, 4, 5, 1, 2, 4, 2, 6, 6, 6, 0],
       [1, 5, 2, 4, 4, 0, 3, 6, 6, 0, 2, 6, 2, 4, 4, 0, 6, 4, 0, 1]]"
The Manaa Waste,"Once a vibrant magical city, the remnants of the wasted realm stand as a warning to others. A cliff blocks any travel to the West.",,The Spire of Lightning,The Wyvern Hills,The Half-full Mug,"[[0, 4, 6, 6, 4, 4, 5, 3, 1, 0, 1, 0, 1, 5, 1, 1, 2, 4, 6, 0],
       [5, 0, 4, 6, 2, 4, 5, 4, 4, 0, 6, 2, 1, 2, 2, 2, 4, 1, 5, 3],
       [0, 0, 1, 0, 0, 4, 0, 5, 0, 0, 4, 6, 2, 4, 3, 3, 4, 0, 1, 4],
       [1, 0, 3, 0, 4, 4, 4, 5, 6, 0, 5, 2, 3, 5, 3, 5, 5, 2, 6, 2],
       [0, 0, 0, 0, 0, 0, 0, 0, 0, 0, 0, 0, 0, 0, 0, 0, 0, 0, 0, 0],
       [4, 5, 6, 2, 0, 0, 0, 1, 1, 0, 0, 4, 3, 5, 1, 3, 0, 5, 5, 1],
       [4, 3, 1, 5, 1, 4, 2, 4, 3, 0, 1, 2, 1, 2, 4, 0, 0, 5, 2, 2],
       [2, 4, 1, 6, 3, 3, 0, 0, 2, 0, 3, 1, 6, 3, 3, 1, 1, 4, 3, 1],
       [5, 5, 2, 6, 3, 2, 5, 4, 1, 0, 1, 3, 1, 4, 4, 0, 4, 0, 3, 3],
       [6, 5, 2, 2, 5, 3, 5, 0, 3, 0, 3, 2, 3, 0, 2, 5, 4, 4, 6, 0]]"
The Spire of Lightning,A place as dangerous as it is magical. Enter at your own risk.,,,The Sea of Thene,The Manaa Waste,"[[5, 0, 5, 1, 1, 6, 2, 0, 0, 0, 5, 2, 4, 0, 5, 3, 6, 5, 6, 3],
       [3, 2, 0, 6, 1, 5, 2, 5, 2, 0, 4, 4, 6, 3, 1, 0, 3, 4, 4, 5],
       [3, 0, 6, 4, 5, 4, 3, 1, 3, 0, 6, 0, 2, 5, 2, 5, 4, 3, 6, 6],
       [4, 0, 6, 5, 5, 0, 4, 4, 6, 0, 6, 3, 2, 0, 3, 4, 1, 0, 6, 2],
       [0, 0, 0, 0, 0, 0, 0, 0, 0, 0, 0, 0, 0, 0, 0, 0, 0, 0, 0, 0],
       [6, 3, 0, 1, 1, 2, 1, 3, 2, 0, 0, 5, 2, 5, 6, 2, 3, 3, 5, 4],
       [4, 4, 5, 6, 3, 2, 6, 6, 6, 0, 4, 6, 6, 5, 1, 2, 0, 2, 1, 1],
       [5, 3, 5, 4, 4, 6, 1, 2, 3, 0, 4, 5, 5, 1, 5, 6, 6, 0, 3, 3],
       [4, 2, 2, 6, 6, 3, 1, 0, 3, 0, 5, 2, 5, 5, 6, 3, 1, 6, 5, 5],
       [1, 2, 0, 3, 0, 0, 2, 0, 3, 0, 2, 0, 6, 3, 3, 0, 1, 5, 4, 5]]"
The Land of Poison Tears,"A millenia of mining by the stone dwarves have rendered this land ill, and poison accompanies rain from the skies. Make haste: your only way out is due East.",The Half-full Mug,The Wyvern Hills,The Pit of Eternal Night,,"[[1, 2, 5, 3, 4, 0, 0, 3, 6, 0, 6, 0, 0, 3, 0, 4, 4, 0, 3, 1],
       [6, 2, 2, 0, 1, 0, 3, 4, 2, 0, 4, 6, 6, 2, 1, 2, 0, 6, 0, 1],
       [6, 4, 1, 4, 1, 2, 4, 5, 1, 0, 5, 0, 5, 5, 6, 5, 0, 3, 2, 0],
       [6, 2, 5, 1, 4, 0, 3, 6, 4, 0, 0, 0, 5, 1, 5, 3, 0, 5, 3, 0],
       [0, 0, 0, 0, 0, 0, 0, 0, 0, 0, 0, 0, 0, 0, 0, 0, 0, 0, 0, 0],
       [1, 6, 3, 4, 6, 1, 1, 6, 5, 0, 2, 5, 1, 6, 4, 1, 4, 4, 6, 6],
       [2, 0, 6, 0, 6, 6, 2, 3, 3, 0, 2, 1, 5, 3, 4, 3, 4, 1, 1, 1],
       [6, 2, 0, 5, 4, 2, 3, 4, 4, 0, 5, 5, 3, 4, 0, 5, 2, 5, 0, 0],
       [5, 0, 3, 4, 6, 6, 1, 2, 4, 0, 0, 0, 1, 5, 0, 3, 0, 6, 6, 0],
       [0, 5, 4, 5, 3, 1, 5, 4, 5, 0, 3, 4, 0, 2, 3, 6, 6, 5, 6, 0]]"
The Wyvern Hills,Flying lions - what could go wrong?,The Manaa Waste,The Sea of Thene,The Twilight Vale,The Land of Poison Tears,"[[3, 2, 1, 5, 2, 5, 1, 6, 0, 0, 5, 6, 0, 0, 4, 4, 1, 0, 0, 5],
       [6, 5, 6, 4, 3, 2, 3, 2, 0, 0, 6, 5, 5, 5, 3, 5, 1, 5, 0, 0],
       [5, 6, 6, 1, 4, 1, 2, 0, 5, 0, 4, 2, 0, 4, 1, 2, 3, 2, 0, 0],
       [5, 0, 1, 0, 3, 4, 2, 3, 1, 0, 3, 5, 2, 5, 0, 4, 4, 1, 2, 3],
       [0, 0, 0, 0, 0, 0, 0, 0, 0, 0, 0, 0, 0, 0, 0, 0, 0, 0, 0, 0],
       [6, 5, 6, 4, 2, 2, 4, 4, 1, 0, 1, 1, 6, 6, 3, 1, 6, 5, 2, 3],
       [5, 2, 6, 5, 3, 0, 4, 2, 6, 0, 0, 0, 6, 4, 1, 0, 6, 2, 1, 1],
       [3, 3, 4, 3, 2, 4, 2, 3, 2, 0, 4, 0, 3, 5, 3, 1, 2, 0, 6, 2],
       [3, 6, 5, 2, 3, 5, 0, 3, 6, 0, 1, 0, 5, 4, 6, 5, 3, 4, 1, 5],
       [6, 4, 1, 4, 0, 0, 5, 2, 3, 0, 4, 0, 0, 4, 5, 2, 4, 5, 0, 3]]"
The Sea of Thene,Dark seas stretch the horizon from North to South - the currently known edge of the world,The Spire of Lightning,,The Black Gauntlet of Sorrows,The Wyvern Hills,"[[6, 6, 2, 2, 1, 5, 6, 6, 6, 0, 2, 5, 6, 0, 1, 0, 3, 2, 6, 5],
       [5, 4, 4, 1, 0, 0, 3, 2, 0, 0, 2, 0, 5, 1, 4, 6, 4, 6, 5, 5],
       [4, 3, 1, 1, 1, 1, 5, 5, 3, 0, 5, 4, 6, 0, 4, 3, 3, 1, 3, 1],
       [4, 6, 0, 6, 0, 3, 3, 2, 2, 0, 6, 5, 4, 1, 3, 0, 3, 5, 5, 1],
       [0, 0, 0, 0, 0, 0, 0, 0, 0, 0, 0, 0, 0, 0, 0, 0, 0, 0, 0, 0],
       [2, 1, 6, 6, 2, 6, 3, 2, 5, 0, 3, 1, 2, 4, 2, 5, 5, 1, 0, 4],
       [1, 3, 0, 3, 5, 6, 6, 2, 1, 0, 4, 5, 5, 5, 4, 4, 0, 4, 4, 0],
       [2, 6, 0, 4, 3, 4, 4, 3, 3, 0, 6, 3, 1, 2, 1, 3, 0, 5, 5, 1],
       [3, 6, 2, 5, 2, 3, 2, 4, 3, 0, 1, 3, 2, 0, 4, 6, 2, 1, 4, 4],
       [6, 5, 3, 3, 2, 0, 6, 6, 1, 0, 2, 3, 1, 1, 1, 0, 5, 0, 4, 0]]"
The Pit of Eternal Night,"You are in a dark warren of caves. It's not really eternally night, but it's dark so we don't quibble.",The Land of Poison Tears,The Twilight Vale,The Citadel of the Lich Queen,,"[[2, 5, 5, 1, 4, 3, 0, 5, 0, 0, 2, 6, 5, 1, 6, 4, 2, 1, 4, 4],
       [3, 5, 0, 0, 1, 5, 4, 3, 0, 0, 5, 5, 3, 2, 4, 6, 6, 3, 5, 5],
       [0, 0, 2, 2, 6, 4, 5, 4, 5, 0, 0, 6, 3, 1, 4, 6, 3, 0, 3, 3],
       [0, 1, 3, 6, 3, 0, 1, 6, 1, 0, 2, 6, 5, 0, 3, 5, 6, 3, 6, 0],
       [0, 0, 0, 0, 0, 0, 0, 0, 0, 0, 0, 0, 0, 0, 0, 0, 0, 0, 0, 0],
       [3, 1, 4, 0, 3, 0, 2, 1, 5, 0, 6, 5, 2, 3, 0, 4, 0, 0, 4, 2],
       [0, 0, 5, 5, 4, 3, 4, 4, 3, 0, 1, 6, 6, 3, 5, 6, 4, 1, 4, 5],
       [3, 4, 4, 3, 1, 4, 1, 4, 0, 0, 3, 3, 0, 5, 1, 1, 0, 1, 5, 0],
       [6, 0, 0, 1, 6, 3, 1, 4, 6, 0, 1, 4, 0, 2, 5, 5, 3, 4, 2, 0],
       [5, 5, 0, 0, 6, 6, 5, 2, 3, 0, 6, 6, 5, 1, 0, 3, 2, 0, 2, 3]]"
The Twilight Vale,"You are in a forest of massive purple trees that cast an amethyst glow. It is very quiet, but you feel as though someone is watching you.",The Wyvern Hills,The Black Gauntlet of Sorrows,Dacot,The Pit of Eternal Night,"[[6, 4, 0, 6, 0, 1, 0, 3, 5, 0, 3, 1, 0, 0, 6, 0, 0, 6, 6, 4],
       [4, 2, 3, 0, 5, 5, 0, 3, 1, 0, 2, 5, 4, 5, 0, 2, 3, 2, 5, 4],
       [5, 1, 3, 5, 0, 4, 0, 5, 4, 0, 2, 0, 2, 0, 2, 3, 4, 4, 1, 2],
       [1, 4, 0, 5, 3, 1, 3, 2, 1, 0, 0, 1, 0, 1, 3, 3, 3, 1, 4, 0],
       [0, 0, 0, 0, 0, 0, 0, 0, 0, 0, 0, 0, 0, 0, 0, 0, 0, 0, 0, 0],
       [1, 1, 4, 0, 3, 3, 0, 1, 1, 0, 0, 1, 3, 5, 5, 3, 0, 1, 5, 2],
       [0, 0, 0, 3, 3, 0, 5, 1, 2, 0, 5, 1, 1, 3, 5, 6, 4, 6, 6, 0],
       [0, 6, 3, 6, 2, 6, 1, 1, 0, 0, 0, 2, 4, 5, 3, 2, 6, 6, 0, 5],
       [4, 0, 0, 0, 3, 5, 0, 0, 6, 0, 1, 0, 5, 5, 6, 5, 6, 4, 6, 4],
       [6, 1, 4, 2, 3, 0, 6, 1, 2, 0, 6, 0, 1, 6, 5, 4, 2, 1, 5, 5]]"
The Black Gauntlet of Sorrows,"A dark hallway stretches east, paintings of destruction reaching up beyond sight.",The Sea of Thene,,The Tower of Ulfang the Black,The Twilight Vale,"[[3, 3, 6, 6, 3, 6, 5, 2, 3, 0, 6, 1, 6, 5, 2, 4, 0, 3, 1, 4],
       [4, 6, 3, 4, 1, 6, 3, 6, 5, 0, 1, 3, 4, 2, 0, 0, 2, 5, 0, 6],
       [3, 1, 0, 6, 0, 5, 6, 3, 3, 0, 6, 3, 5, 4, 4, 4, 6, 3, 2, 0],
       [1, 5, 1, 5, 2, 4, 1, 0, 0, 0, 5, 1, 3, 2, 3, 2, 5, 2, 2, 2],
       [0, 0, 0, 0, 0, 0, 0, 0, 0, 0, 0, 0, 0, 0, 0, 0, 0, 0, 0, 0],
       [0, 4, 1, 4, 6, 2, 4, 0, 3, 0, 2, 0, 4, 5, 2, 6, 5, 6, 2, 1],
       [4, 4, 3, 0, 1, 5, 6, 5, 1, 0, 0, 1, 3, 2, 5, 2, 1, 1, 6, 1],
       [6, 2, 6, 6, 6, 3, 0, 0, 6, 0, 5, 2, 1, 1, 1, 2, 0, 4, 2, 4],
       [4, 6, 4, 3, 2, 5, 3, 2, 2, 0, 4, 3, 3, 6, 0, 1, 2, 6, 5, 2],
       [1, 3, 3, 3, 1, 2, 5, 5, 4, 0, 0, 6, 2, 1, 1, 3, 4, 1, 2, 0]]"
The Citadel of the Lich Queen,"No, she is of no relation to Arthas, thank you very much, and kindly asks you to leave.",The Pit of Eternal Night,Dacot,The Prison of the Pelagic Wizards,,"[[4, 2, 1, 0, 5, 3, 5, 5, 5, 0, 5, 1, 4, 4, 5, 0, 5, 0, 0, 1],
       [3, 0, 2, 1, 0, 1, 2, 0, 4, 0, 6, 3, 4, 1, 3, 4, 3, 5, 2, 1],
       [0, 4, 5, 5, 2, 4, 6, 4, 3, 0, 3, 5, 2, 5, 2, 0, 5, 2, 5, 6],
       [4, 6, 6, 3, 5, 2, 5, 5, 3, 0, 3, 4, 4, 3, 3, 3, 2, 1, 1, 4],
       [0, 0, 0, 0, 0, 0, 0, 0, 0, 0, 0, 0, 0, 0, 0, 0, 0, 0, 0, 0],
       [6, 3, 5, 5, 1, 1, 0, 1, 2, 0, 3, 5, 0, 6, 4, 6, 2, 5, 1, 6],
       [6, 4, 0, 0, 5, 5, 1, 2, 5, 0, 0, 2, 3, 3, 3, 5, 3, 2, 0, 3],
       [2, 5, 2, 4, 5, 5, 1, 4, 3, 0, 0, 2, 2, 4, 3, 0, 5, 6, 6, 0],
       [5, 3, 5, 4, 5, 4, 3, 5, 6, 0, 0, 5, 5, 2, 3, 3, 2, 2, 1, 6],
       [0, 6, 5, 6, 3, 0, 4, 5, 1, 0, 3, 1, 6, 6, 2, 5, 6, 3, 4, 3]]"
Dacot,An average city filled with average folk. Likely a good place to pick up provisions.,The Twilight Vale,The Tower of Ulfang the Black,The Crota Bluffs,The Citadel of the Lich Queen,"[[6, 0, 4, 1, 2, 4, 1, 6, 0, 0, 1, 3, 6, 3, 2, 5, 5, 3, 1, 3],
       [2, 0, 4, 3, 1, 3, 1, 0, 2, 0, 4, 5, 2, 2, 0, 3, 5, 5, 2, 3],
       [5, 5, 1, 4, 4, 0, 6, 1, 3, 0, 2, 5, 4, 2, 1, 2, 2, 3, 4, 0],
       [1, 1, 5, 5, 6, 3, 1, 5, 5, 0, 6, 5, 2, 4, 3, 0, 1, 5, 3, 4],
       [0, 0, 0, 0, 0, 0, 0, 0, 0, 0, 0, 0, 0, 0, 0, 0, 0, 0, 0, 0],
       [0, 6, 0, 4, 4, 5, 3, 3, 4, 0, 3, 6, 5, 6, 1, 1, 5, 6, 6, 0],
       [0, 2, 1, 4, 3, 4, 2, 2, 3, 0, 1, 0, 3, 6, 2, 5, 1, 3, 4, 1],
       [4, 3, 2, 5, 1, 0, 4, 0, 0, 0, 3, 5, 1, 4, 6, 0, 5, 2, 3, 2],
       [6, 0, 0, 1, 2, 2, 4, 2, 6, 0, 4, 4, 1, 5, 6, 1, 5, 1, 5, 0],
       [4, 4, 5, 3, 0, 5, 6, 3, 4, 0, 5, 6, 2, 3, 0, 2, 5, 0, 6, 0]]"
The Tower of Ulfang the Black,Welcome to the Tower. Ulfang is really Ulbuckteeth. ,The Black Gauntlet of Sorrows,,The Floating City of Bunula,Dacot,"[[2, 0, 1, 6, 3, 6, 3, 2, 6, 0, 0, 1, 2, 5, 6, 5, 5, 2, 5, 3],
       [2, 3, 5, 1, 0, 1, 2, 6, 5, 0, 6, 0, 6, 3, 2, 2, 5, 2, 1, 1],
       [6, 2, 3, 3, 6, 1, 5, 2, 3, 0, 1, 1, 2, 6, 4, 3, 0, 5, 3, 1],
       [0, 4, 6, 3, 2, 4, 4, 3, 1, 0, 6, 2, 2, 4, 4, 1, 6, 1, 5, 1],
       [0, 0, 0, 0, 0, 0, 0, 0, 0, 0, 0, 0, 0, 0, 0, 0, 0, 0, 0, 0],
       [1, 1, 6, 3, 1, 6, 1, 2, 1, 0, 6, 3, 3, 6, 5, 4, 2, 0, 3, 6],
       [5, 6, 4, 5, 1, 5, 0, 6, 4, 0, 2, 2, 4, 3, 4, 1, 4, 6, 5, 2],
       [1, 2, 6, 0, 6, 0, 1, 2, 0, 0, 4, 6, 4, 3, 4, 3, 2, 5, 1, 2],
       [1, 3, 5, 2, 4, 6, 2, 3, 3, 0, 0, 0, 2, 2, 1, 5, 5, 4, 6, 3],
       [2, 6, 0, 3, 5, 1, 6, 4, 2, 0, 0, 4, 2, 4, 2, 6, 2, 1, 5, 4]]"
The Prison of the Pelagic Wizards,,The Citadel of the Lich Queen,The Crota Bluffs,The Celestial Lair of Uzziel,,"[[0, 1, 3, 1, 3, 2, 0, 3, 0, 0, 2, 5, 3, 1, 0, 4, 1, 5, 1, 5],
       [5, 3, 4, 0, 2, 6, 4, 6, 6, 0, 0, 1, 1, 3, 2, 5, 6, 2, 3, 6],
       [0, 2, 2, 2, 6, 0, 2, 0, 4, 0, 6, 4, 5, 1, 6, 6, 0, 4, 3, 2],
       [5, 5, 6, 4, 6, 2, 3, 0, 4, 0, 5, 1, 1, 4, 5, 1, 0, 6, 3, 0],
       [0, 0, 0, 0, 0, 0, 0, 0, 0, 0, 0, 0, 0, 0, 0, 0, 0, 0, 0, 0],
       [0, 0, 0, 4, 0, 2, 4, 2, 0, 0, 4, 4, 1, 2, 1, 0, 3, 3, 3, 5],
       [6, 0, 3, 2, 4, 5, 4, 3, 1, 0, 3, 2, 2, 0, 5, 6, 0, 6, 4, 1],
       [3, 4, 2, 5, 3, 5, 4, 5, 1, 0, 2, 2, 3, 2, 5, 2, 5, 5, 5, 2],
       [1, 5, 4, 6, 0, 3, 3, 4, 2, 0, 3, 1, 6, 2, 3, 5, 5, 3, 0, 6],
       [4, 1, 1, 0, 4, 2, 3, 2, 6, 0, 6, 2, 4, 5, 1, 6, 0, 5, 2, 5]]"
The Crota Bluffs,,Dacot,The Floating City of Bunula,The Whispering Woods,The Prison of the Pelagic Wizards,"[[4, 3, 0, 6, 0, 1, 5, 0, 4, 0, 1, 6, 4, 4, 1, 3, 4, 2, 2, 2],
       [1, 5, 5, 5, 1, 2, 6, 2, 0, 0, 5, 5, 3, 6, 0, 2, 4, 0, 5, 6],
       [4, 4, 4, 0, 5, 0, 1, 4, 6, 0, 3, 2, 1, 2, 5, 3, 6, 3, 5, 2],
       [3, 3, 2, 4, 3, 3, 6, 5, 2, 0, 6, 1, 5, 3, 5, 0, 3, 5, 4, 2],
       [0, 0, 0, 0, 0, 0, 0, 0, 0, 0, 0, 0, 0, 0, 0, 0, 0, 0, 0, 0],
       [3, 2, 1, 3, 0, 6, 1, 1, 0, 0, 1, 1, 4, 6, 3, 5, 5, 3, 0, 5],
       [2, 0, 1, 3, 1, 3, 1, 3, 4, 0, 3, 1, 6, 2, 3, 2, 4, 3, 3, 1],
       [6, 2, 1, 3, 2, 1, 0, 5, 6, 0, 1, 6, 2, 2, 2, 0, 1, 1, 0, 0],
       [0, 4, 1, 4, 4, 5, 5, 1, 3, 0, 4, 6, 0, 3, 0, 3, 6, 0, 6, 2],
       [6, 3, 6, 3, 1, 2, 3, 4, 3, 0, 6, 6, 2, 4, 0, 2, 0, 5, 6, 2]]"
The Floating City of Bunula,,The Tower of Ulfang the Black,,The Six Cities of Thelione,The Crota Bluffs,"[[5, 6, 2, 0, 4, 4, 2, 3, 5, 0, 6, 4, 4, 3, 3, 1, 6, 6, 4, 3],
       [0, 4, 5, 5, 3, 6, 0, 3, 2, 0, 2, 2, 0, 0, 4, 6, 0, 6, 3, 0],
       [5, 3, 1, 2, 2, 2, 6, 6, 6, 0, 4, 0, 6, 3, 1, 1, 2, 6, 3, 3],
       [1, 3, 6, 6, 1, 6, 2, 3, 3, 0, 3, 3, 3, 0, 3, 2, 1, 1, 3, 3],
       [0, 0, 0, 0, 0, 0, 0, 0, 0, 0, 0, 0, 0, 0, 0, 0, 0, 0, 0, 0],
       [3, 2, 1, 0, 1, 5, 3, 4, 6, 0, 6, 6, 0, 6, 0, 6, 2, 0, 2, 0],
       [4, 2, 4, 1, 5, 1, 0, 2, 2, 0, 3, 1, 1, 4, 3, 2, 3, 1, 1, 1],
       [3, 3, 6, 6, 4, 6, 5, 2, 5, 0, 1, 2, 3, 6, 6, 4, 3, 1, 2, 6],
       [0, 6, 4, 5, 1, 3, 1, 1, 3, 0, 2, 1, 2, 2, 1, 5, 0, 0, 6, 2],
       [4, 6, 0, 2, 6, 6, 4, 2, 3, 0, 5, 2, 5, 3, 2, 1, 3, 4, 5, 4]]"
The Celestial Lair of Uzziel,,The Prison of the Pelagic Wizards,The Whispering Woods,The Chanai Heath,,"[[0, 0, 3, 0, 2, 4, 1, 4, 6, 0, 2, 5, 3, 6, 1, 1, 3, 6, 1, 3],
       [6, 0, 1, 6, 3, 1, 4, 5, 5, 0, 5, 1, 2, 4, 2, 1, 5, 3, 0, 6],
       [1, 4, 0, 1, 2, 6, 4, 3, 1, 0, 6, 3, 1, 2, 4, 4, 6, 5, 2, 0],
       [1, 6, 5, 2, 4, 4, 3, 2, 0, 0, 1, 4, 4, 3, 4, 6, 5, 4, 2, 1],
       [0, 0, 0, 0, 0, 0, 0, 0, 0, 0, 0, 0, 0, 0, 0, 0, 0, 0, 0, 0],
       [2, 1, 5, 0, 5, 6, 4, 0, 0, 0, 4, 2, 5, 6, 6, 2, 3, 1, 3, 4],
       [5, 5, 1, 1, 0, 4, 1, 1, 1, 0, 2, 2, 2, 0, 6, 2, 5, 2, 4, 0],
       [4, 2, 6, 5, 0, 4, 4, 2, 3, 0, 1, 6, 5, 0, 6, 3, 1, 0, 1, 6],
       [0, 2, 2, 3, 2, 4, 0, 0, 2, 0, 5, 6, 6, 0, 0, 5, 0, 4, 2, 6],
       [4, 6, 4, 0, 5, 0, 2, 0, 3, 0, 0, 3, 1, 4, 6, 5, 6, 6, 2, 4]]"
The Whispering Woods,,The Crota Bluffs,The Six Cities of Thelione,Vittiga,The Celestial Lair of Uzziel,"[[4, 4, 6, 4, 5, 1, 1, 0, 4, 0, 5, 3, 3, 4, 5, 2, 4, 6, 1, 0],
       [3, 5, 5, 4, 1, 3, 3, 6, 1, 0, 5, 3, 2, 6, 0, 1, 6, 0, 5, 1],
       [1, 6, 0, 0, 5, 5, 4, 1, 6, 0, 2, 2, 0, 1, 1, 1, 6, 3, 6, 3],
       [2, 2, 6, 3, 2, 2, 6, 2, 2, 0, 6, 6, 1, 5, 2, 0, 0, 1, 4, 1],
       [0, 0, 0, 0, 0, 0, 0, 0, 0, 0, 0, 0, 0, 0, 0, 0, 0, 0, 0, 0],
       [4, 6, 0, 6, 5, 5, 4, 0, 2, 0, 1, 4, 4, 2, 5, 1, 2, 1, 2, 0],
       [1, 5, 3, 1, 4, 6, 5, 3, 4, 0, 5, 1, 1, 6, 5, 3, 5, 2, 5, 4],
       [4, 2, 2, 0, 4, 2, 3, 5, 5, 0, 2, 1, 0, 6, 3, 0, 4, 2, 4, 0],
       [5, 2, 6, 6, 0, 6, 4, 0, 2, 0, 6, 2, 6, 2, 6, 4, 5, 3, 3, 6],
       [5, 6, 1, 4, 3, 5, 5, 2, 5, 0, 5, 4, 2, 1, 6, 3, 6, 0, 1, 2]]"
The Six Cities of Thelione,,The Floating City of Bunula,,The Celestial Hall of Rosel,The Whispering Woods," [[4, 1, 0, 0, 1, 1, 1, 6, 1, 0, 0, 0, 6, 3, 6, 0, 0, 0, 3, 4],
       [1, 1, 4, 4, 6, 1, 6, 1, 1, 0, 2, 3, 3, 5, 3, 4, 6, 0, 5, 3],
       [0, 4, 5, 2, 3, 4, 0, 5, 6, 0, 2, 2, 6, 1, 5, 5, 5, 6, 6, 5],
       [4, 1, 6, 2, 0, 5, 5, 1, 6, 0, 2, 0, 1, 2, 2, 5, 2, 2, 5, 0],
       [0, 0, 0, 0, 0, 0, 0, 0, 0, 0, 0, 0, 0, 0, 0, 0, 0, 0, 0, 0],
       [2, 2, 4, 3, 0, 1, 4, 1, 3, 0, 6, 5, 1, 1, 6, 0, 5, 5, 5, 6],
       [4, 1, 5, 6, 4, 5, 5, 0, 2, 0, 1, 6, 3, 3, 2, 3, 2, 3, 5, 4],
       [6, 0, 1, 1, 5, 6, 1, 6, 5, 0, 3, 3, 2, 1, 6, 4, 5, 6, 0, 4],
       [1, 0, 6, 5, 6, 3, 3, 5, 5, 0, 4, 3, 2, 1, 0, 6, 5, 4, 5, 0],
       [6, 5, 5, 1, 2, 0, 2, 5, 1, 0, 2, 1, 4, 2, 0, 3, 4, 6, 6, 2]]"
The Chanai Heath,,The Celestial Lair of Uzziel,Vittiga,The Tower of Astert the Archmage,,"[[0, 3, 6, 6, 4, 0, 1, 2, 5, 0, 4, 5, 6, 1, 6, 2, 2, 3, 4, 4],
       [2, 3, 6, 4, 1, 3, 2, 4, 2, 0, 1, 4, 6, 0, 3, 2, 4, 5, 2, 0],
       [2, 6, 0, 2, 4, 4, 6, 6, 4, 0, 1, 3, 1, 2, 6, 6, 1, 6, 0, 4],
       [5, 0, 6, 3, 0, 1, 3, 5, 0, 0, 6, 2, 4, 4, 1, 5, 5, 3, 5, 4],
       [0, 0, 0, 0, 0, 0, 0, 0, 0, 0, 0, 0, 0, 0, 0, 0, 0, 0, 0, 0],
       [0, 0, 4, 5, 2, 2, 4, 0, 6, 0, 4, 4, 6, 4, 3, 3, 5, 2, 6, 0],
       [6, 1, 5, 4, 2, 2, 4, 0, 2, 0, 2, 1, 6, 1, 3, 2, 0, 5, 3, 0],
       [6, 5, 5, 3, 4, 1, 0, 2, 0, 0, 4, 4, 5, 4, 0, 2, 0, 0, 3, 3],
       [4, 6, 2, 4, 1, 1, 3, 3, 4, 0, 4, 6, 5, 3, 3, 2, 4, 6, 2, 0],
       [5, 5, 5, 0, 4, 3, 6, 6, 2, 0, 6, 0, 0, 1, 6, 0, 2, 5, 2, 0]]"
Vittiga,,The Whispering Woods,The Celestial Hall of Rosel,The Tower of Gothmog of Udun,The Chanai Heath,"[[2, 3, 2, 1, 0, 0, 1, 5, 2, 0, 1, 3, 6, 4, 6, 6, 2, 2, 5, 1],
       [0, 1, 5, 5, 1, 0, 5, 6, 3, 0, 3, 3, 1, 0, 1, 0, 5, 5, 1, 1],
       [0, 5, 2, 2, 6, 3, 5, 0, 5, 0, 6, 3, 3, 2, 3, 3, 5, 4, 4, 4],
       [5, 6, 0, 4, 3, 1, 4, 2, 6, 0, 5, 0, 2, 2, 2, 5, 3, 1, 4, 5],
       [0, 0, 0, 0, 0, 0, 0, 0, 0, 0, 0, 0, 0, 0, 0, 0, 0, 0, 0, 0],
       [2, 4, 5, 2, 4, 2, 6, 4, 2, 0, 1, 4, 4, 3, 0, 0, 2, 2, 5, 0],
       [3, 5, 3, 3, 6, 6, 2, 6, 3, 0, 0, 0, 5, 5, 2, 1, 2, 4, 6, 1],
       [6, 0, 1, 4, 2, 2, 3, 2, 0, 0, 1, 3, 4, 6, 3, 4, 3, 0, 0, 4],
       [1, 0, 6, 6, 3, 5, 3, 5, 0, 0, 0, 5, 6, 3, 0, 6, 5, 2, 0, 6],
       [4, 4, 5, 5, 4, 0, 6, 0, 4, 0, 5, 6, 3, 6, 6, 3, 6, 5, 5, 6]]"
The Celestial Hall of Rosel,,The Six Cities of Thelione,,The Forest of Shadows,Vittiga,"[[5, 2, 2, 6, 3, 3, 3, 4, 6, 0, 4, 1, 1, 2, 1, 6, 5, 4, 3, 6],
       [0, 3, 4, 0, 5, 1, 1, 2, 4, 0, 2, 5, 1, 1, 2, 5, 1, 5, 0, 1],
       [3, 6, 3, 2, 0, 5, 4, 4, 6, 0, 3, 6, 5, 1, 2, 1, 1, 5, 5, 0],
       [4, 0, 3, 4, 1, 1, 1, 0, 1, 0, 5, 6, 2, 0, 4, 0, 1, 1, 4, 4],
       [0, 0, 0, 0, 0, 0, 0, 0, 0, 0, 0, 0, 0, 0, 0, 0, 0, 0, 0, 0],
       [3, 2, 2, 0, 3, 6, 1, 3, 2, 0, 4, 1, 5, 6, 3, 5, 4, 2, 3, 4],
       [5, 5, 5, 6, 5, 5, 5, 4, 6, 0, 6, 2, 0, 6, 4, 5, 1, 2, 1, 3],
       [1, 2, 0, 6, 3, 4, 5, 6, 1, 0, 1, 2, 0, 2, 4, 3, 1, 1, 4, 6],
       [4, 1, 6, 4, 2, 6, 0, 4, 0, 0, 3, 4, 2, 5, 4, 1, 1, 3, 0, 3],
       [4, 0, 6, 2, 2, 4, 1, 3, 4, 0, 2, 2, 4, 5, 1, 0, 0, 6, 3, 2]]"
The Tower of Astert the Archmage,,The Chanai Heath,The Tower of Gothmog of Udun,The Spears of Grinan,,"[[5, 1, 2, 4, 2, 3, 4, 1, 0, 0, 2, 4, 0, 2, 3, 6, 1, 4, 2, 4],
       [2, 4, 2, 6, 2, 1, 4, 2, 6, 0, 4, 3, 5, 6, 3, 4, 5, 5, 4, 2],
       [0, 2, 6, 3, 2, 1, 3, 1, 3, 0, 4, 1, 2, 2, 3, 2, 5, 4, 3, 4],
       [2, 1, 5, 3, 0, 4, 3, 5, 0, 0, 3, 2, 4, 4, 2, 5, 6, 2, 3, 2],
       [0, 0, 0, 0, 0, 0, 0, 0, 0, 0, 0, 0, 0, 0, 0, 0, 0, 0, 0, 0],
       [6, 0, 5, 5, 1, 4, 0, 6, 3, 0, 4, 6, 2, 4, 6, 6, 4, 5, 0, 4],
       [2, 4, 1, 5, 2, 4, 2, 5, 4, 0, 4, 4, 1, 1, 5, 6, 2, 4, 5, 6],
       [2, 5, 4, 4, 2, 3, 1, 4, 5, 0, 5, 0, 6, 6, 3, 5, 3, 2, 5, 1],
       [4, 6, 2, 4, 2, 1, 3, 1, 1, 0, 3, 4, 6, 3, 4, 5, 3, 5, 6, 5],
       [3, 0, 4, 6, 4, 3, 5, 5, 4, 0, 2, 3, 0, 2, 6, 0, 1, 0, 4, 1]]"
The Tower of Gothmog of Udun,,Vittiga,The Forest of Shadows,The Island of Death,The Tower of Astert the Archmage,"[[5, 3, 3, 4, 4, 4, 4, 1, 0, 0, 3, 6, 5, 3, 4, 0, 0, 1, 6, 0],
       [5, 1, 1, 3, 3, 3, 0, 1, 0, 0, 3, 5, 2, 2, 0, 1, 3, 3, 2, 0],
       [4, 1, 3, 2, 3, 5, 4, 6, 4, 0, 4, 0, 2, 5, 0, 5, 4, 2, 3, 5],
       [4, 0, 2, 3, 4, 0, 2, 1, 6, 0, 0, 2, 6, 2, 4, 2, 4, 1, 4, 6],
       [0, 0, 0, 0, 0, 0, 0, 0, 0, 0, 0, 0, 0, 0, 0, 0, 0, 0, 0, 0],
       [0, 1, 0, 1, 1, 6, 3, 4, 4, 0, 4, 6, 3, 3, 2, 1, 3, 3, 5, 0],
       [4, 6, 5, 0, 3, 6, 5, 0, 6, 0, 4, 5, 2, 4, 6, 3, 5, 5, 5, 3],
       [4, 6, 5, 2, 5, 6, 3, 6, 0, 0, 6, 1, 1, 3, 0, 5, 1, 2, 2, 6],
       [4, 2, 1, 5, 0, 0, 1, 4, 0, 0, 6, 0, 1, 1, 0, 4, 0, 3, 1, 3],
       [4, 3, 5, 2, 1, 3, 1, 0, 2, 0, 1, 2, 4, 0, 0, 1, 5, 1, 6, 1]]"
The Forest of Shadows,,The Celestial Hall of Rosel,,The Citadel of Zeiram the Lich,The Tower of Gothmog of Udun,"[[3, 0, 1, 3, 3, 1, 4, 4, 1, 0, 3, 1, 1, 4, 4, 2, 5, 2, 1, 4],
       [4, 6, 4, 6, 5, 0, 4, 4, 3, 0, 1, 6, 2, 3, 5, 4, 0, 6, 2, 4],
       [2, 4, 5, 6, 2, 3, 2, 6, 6, 0, 4, 0, 1, 2, 4, 1, 5, 6, 0, 1],
       [5, 6, 2, 1, 5, 5, 0, 5, 6, 0, 6, 3, 3, 5, 3, 1, 3, 4, 6, 6],
       [0, 0, 0, 0, 0, 0, 0, 0, 0, 0, 0, 0, 0, 0, 0, 0, 0, 0, 0, 0],
       [5, 0, 1, 1, 1, 4, 0, 6, 0, 0, 1, 2, 1, 1, 4, 3, 5, 1, 4, 0],
       [5, 3, 1, 4, 3, 6, 6, 4, 0, 0, 3, 3, 1, 6, 4, 3, 4, 2, 1, 4],
       [3, 3, 6, 3, 3, 0, 1, 2, 0, 0, 6, 5, 1, 6, 0, 3, 5, 2, 2, 4],
       [0, 1, 5, 2, 1, 4, 1, 0, 2, 0, 0, 2, 0, 5, 6, 2, 2, 1, 6, 2],
       [3, 0, 1, 4, 3, 2, 4, 5, 3, 0, 2, 2, 0, 1, 6, 0, 4, 0, 2, 0]]"
The Spears of Grinan,,The Tower of Astert the Archmage,The Island of Death,The Caldera of the Shadow Dragon,,"[[0, 1, 0, 6, 5, 6, 5, 6, 0, 0, 2, 1, 1, 5, 0, 0, 3, 1, 5, 3],
       [2, 5, 3, 5, 3, 0, 4, 0, 1, 0, 0, 1, 5, 4, 5, 6, 6, 5, 3, 1],
       [4, 3, 5, 4, 6, 1, 4, 4, 5, 0, 2, 3, 4, 3, 0, 2, 4, 3, 5, 4],
       [1, 6, 4, 6, 3, 5, 1, 5, 3, 0, 5, 0, 0, 4, 2, 1, 4, 5, 0, 3],
       [0, 0, 0, 0, 0, 0, 0, 0, 0, 0, 0, 0, 0, 0, 0, 0, 0, 0, 0, 0],
       [4, 4, 1, 3, 5, 2, 0, 2, 1, 0, 3, 3, 3, 0, 0, 0, 1, 0, 4, 1],
       [0, 0, 6, 5, 5, 0, 1, 5, 4, 0, 1, 4, 5, 5, 5, 2, 5, 1, 2, 6],
       [0, 1, 3, 3, 2, 2, 3, 5, 5, 0, 4, 6, 6, 3, 5, 1, 2, 6, 6, 3],
       [0, 0, 0, 1, 3, 6, 6, 2, 5, 0, 1, 6, 4, 5, 4, 0, 1, 0, 0, 1],
       [6, 3, 1, 5, 1, 1, 5, 4, 6, 0, 1, 6, 5, 6, 4, 0, 4, 2, 5, 6]]"
The Island of Death,,The Tower of Gothmog of Udun,The Citadel of Zeiram the Lich,The Lloughy Forest,The Spears of Grinan,"[[1, 2, 6, 2, 1, 0, 4, 2, 3, 0, 3, 6, 1, 5, 0, 5, 3, 6, 3, 3],
       [0, 4, 4, 2, 3, 2, 2, 0, 0, 0, 4, 2, 6, 5, 5, 0, 6, 1, 1, 4],
       [1, 2, 3, 3, 2, 4, 3, 3, 1, 0, 2, 6, 3, 1, 1, 2, 6, 4, 0, 2],
       [6, 5, 0, 1, 1, 5, 6, 2, 0, 0, 6, 6, 1, 0, 1, 1, 3, 2, 4, 2],
       [0, 0, 0, 0, 0, 0, 0, 0, 0, 0, 0, 0, 0, 0, 0, 0, 0, 0, 0, 0],
       [2, 1, 2, 6, 3, 2, 1, 0, 4, 0, 6, 4, 5, 6, 1, 2, 0, 3, 0, 3],
       [5, 5, 6, 1, 3, 0, 6, 3, 6, 0, 0, 0, 0, 6, 0, 4, 1, 1, 0, 2],
       [5, 1, 1, 2, 5, 1, 3, 4, 4, 0, 2, 3, 4, 5, 2, 4, 6, 5, 1, 4],
       [1, 5, 1, 1, 0, 0, 3, 3, 5, 0, 1, 4, 4, 5, 4, 6, 4, 1, 6, 5],
       [5, 2, 6, 3, 5, 6, 0, 6, 5, 0, 4, 3, 1, 1, 0, 6, 2, 3, 0, 2]]"
The Citadel of Zeiram the Lich,,The Forest of Shadows,,Yrdtun,The Island of Death," [[1, 3, 3, 1, 5, 5, 0, 1, 2, 0, 0, 4, 2, 5, 2, 1, 0, 0, 4, 4],
       [6, 2, 2, 6, 1, 1, 6, 0, 2, 0, 3, 1, 1, 5, 4, 5, 3, 3, 4, 0],
       [1, 5, 5, 2, 5, 5, 4, 1, 2, 0, 2, 0, 5, 0, 5, 5, 5, 4, 2, 1],
       [5, 0, 0, 3, 5, 6, 6, 6, 4, 0, 4, 5, 6, 4, 1, 3, 5, 4, 6, 3],
       [0, 0, 0, 0, 0, 0, 0, 0, 0, 0, 0, 0, 0, 0, 0, 0, 0, 0, 0, 0],
       [0, 4, 0, 3, 5, 0, 2, 1, 6, 0, 4, 6, 3, 3, 2, 0, 5, 3, 4, 5],
       [3, 6, 3, 5, 3, 0, 6, 1, 0, 0, 1, 0, 4, 0, 3, 0, 3, 6, 4, 3],
       [1, 3, 3, 3, 1, 6, 3, 4, 1, 0, 3, 3, 3, 3, 2, 3, 2, 3, 4, 2],
       [6, 5, 0, 6, 6, 1, 5, 3, 2, 0, 5, 4, 6, 3, 2, 4, 3, 0, 4, 4],
       [0, 3, 4, 0, 1, 1, 5, 6, 3, 0, 2, 2, 0, 1, 1, 2, 3, 1, 6, 0]]"
The Caldera of the Shadow Dragon,,The Spears of Grinan,The Lloughy Forest,The Dread Tomb of the Shadow Queen,,"[[0, 6, 6, 2, 1, 0, 0, 3, 3, 0, 0, 0, 0, 3, 4, 1, 1, 5, 6, 1],
       [5, 5, 0, 0, 3, 2, 4, 3, 2, 0, 4, 5, 1, 5, 0, 6, 6, 4, 4, 1],
       [6, 2, 6, 1, 4, 5, 5, 5, 3, 0, 4, 6, 2, 3, 1, 1, 6, 2, 4, 0],
       [5, 1, 4, 6, 0, 0, 6, 6, 3, 0, 5, 1, 4, 1, 0, 1, 0, 4, 1, 6],
       [0, 0, 0, 0, 0, 0, 0, 0, 0, 0, 0, 0, 0, 0, 0, 0, 0, 0, 0, 0],
       [0, 3, 0, 5, 1, 0, 2, 4, 6, 0, 6, 0, 4, 2, 2, 4, 0, 0, 5, 2],
       [2, 6, 1, 3, 1, 0, 4, 2, 3, 0, 2, 6, 5, 1, 0, 1, 5, 6, 5, 0],
       [6, 0, 1, 5, 1, 3, 2, 5, 0, 0, 3, 6, 0, 5, 0, 3, 5, 1, 4, 5],
       [1, 2, 0, 0, 2, 2, 5, 2, 4, 0, 5, 2, 6, 3, 0, 1, 5, 6, 1, 1],
       [2, 5, 4, 6, 5, 5, 5, 3, 6, 0, 1, 2, 1, 1, 5, 4, 0, 6, 2, 6]]"
The Lloughy Forest,,The Island of Death,Yrdtun,The Mondrija Archipelago,The Caldera of the Shadow Dragon,"[[0, 4, 5, 5, 3, 1, 3, 1, 3, 0, 0, 3, 6, 3, 3, 6, 5, 6, 0, 5],
       [6, 5, 3, 1, 3, 6, 6, 4, 1, 0, 1, 5, 4, 3, 1, 4, 1, 4, 5, 4],
       [1, 3, 3, 4, 2, 3, 1, 2, 2, 0, 2, 4, 4, 5, 6, 1, 3, 1, 6, 4],
       [5, 5, 4, 6, 4, 4, 6, 1, 2, 0, 4, 0, 6, 3, 2, 5, 6, 5, 6, 3],
       [0, 0, 0, 0, 0, 0, 0, 0, 0, 0, 0, 0, 0, 0, 0, 0, 0, 0, 0, 0],
       [4, 6, 6, 0, 3, 1, 2, 6, 1, 0, 4, 0, 2, 6, 6, 6, 2, 4, 6, 4],
       [4, 5, 5, 0, 2, 2, 6, 1, 6, 0, 3, 1, 4, 2, 5, 0, 5, 1, 3, 0],
       [0, 5, 3, 2, 3, 1, 4, 4, 6, 0, 2, 1, 5, 0, 5, 6, 4, 3, 2, 6],
       [6, 3, 1, 1, 1, 6, 6, 3, 3, 0, 5, 0, 3, 3, 6, 6, 4, 4, 6, 6],
       [5, 0, 2, 1, 2, 2, 4, 0, 2, 0, 1, 1, 4, 1, 6, 3, 4, 5, 0, 6]]"
Yrdtun,,The Citadel of Zeiram the Lich,,The Citadel Hills,The Lloughy Forest,"[[0, 1, 6, 2, 0, 6, 4, 0, 6, 0, 4, 5, 4, 1, 3, 1, 4, 5, 0, 2],
       [2, 6, 2, 0, 6, 0, 1, 2, 2, 0, 4, 5, 4, 5, 0, 3, 2, 0, 6, 3],
       [1, 1, 6, 6, 2, 4, 5, 4, 2, 0, 0, 4, 1, 6, 0, 2, 4, 3, 6, 5],
       [5, 2, 5, 0, 1, 2, 1, 6, 2, 0, 2, 5, 1, 0, 1, 5, 1, 4, 0, 4],
       [0, 0, 0, 0, 0, 0, 0, 0, 0, 0, 0, 0, 0, 0, 0, 0, 0, 0, 0, 0],
       [2, 2, 2, 1, 4, 4, 4, 3, 5, 0, 5, 6, 4, 5, 3, 0, 0, 1, 6, 6],
       [0, 1, 5, 6, 1, 2, 3, 2, 2, 0, 6, 6, 4, 3, 0, 5, 2, 2, 4, 0],
       [3, 3, 4, 0, 2, 1, 3, 3, 4, 0, 0, 0, 3, 4, 5, 4, 4, 4, 6, 5],
       [3, 1, 5, 1, 0, 2, 1, 6, 6, 0, 5, 3, 2, 4, 6, 0, 3, 1, 3, 5],
       [0, 0, 1, 6, 5, 3, 4, 6, 5, 0, 2, 3, 4, 0, 4, 1, 4, 0, 3, 2]]"
The Dread Tomb of the Shadow Queen,,The Caldera of the Shadow Dragon,The Mondrija Archipelago,The Ninth Grave of Shema,,"[[5, 1, 5, 1, 1, 2, 6, 3, 1, 0, 1, 3, 4, 0, 6, 2, 6, 1, 1, 2],
       [2, 2, 2, 4, 6, 6, 6, 5, 4, 0, 5, 1, 0, 3, 3, 4, 2, 4, 4, 2],
       [3, 2, 0, 1, 4, 0, 5, 4, 5, 0, 5, 3, 1, 0, 2, 1, 2, 5, 2, 0],
       [6, 4, 0, 3, 0, 0, 0, 0, 2, 0, 1, 6, 1, 4, 1, 6, 1, 3, 2, 1],
       [0, 0, 0, 0, 0, 0, 0, 0, 0, 0, 0, 0, 0, 0, 0, 0, 0, 0, 0, 0],
       [3, 6, 6, 2, 0, 1, 4, 2, 3, 0, 5, 1, 3, 2, 6, 1, 2, 1, 1, 3],
       [5, 0, 2, 1, 1, 5, 3, 2, 6, 0, 6, 3, 2, 5, 0, 0, 6, 6, 6, 6],
       [3, 1, 6, 1, 0, 1, 3, 2, 6, 0, 4, 6, 3, 2, 6, 6, 2, 5, 4, 4],
       [2, 2, 5, 1, 3, 0, 2, 5, 5, 0, 0, 4, 3, 6, 0, 1, 4, 2, 4, 1],
       [6, 1, 0, 6, 4, 5, 5, 3, 1, 0, 4, 6, 2, 5, 5, 4, 1, 6, 4, 0]]"
The Mondrija Archipelago,,The Lloughy Forest,The Citadel Hills,Paford,The Dread Tomb of the Shadow Queen,"[[5, 0, 0, 6, 0, 3, 4, 5, 1, 0, 0, 3, 6, 4, 3, 5, 1, 0, 5, 3],
       [3, 2, 3, 3, 6, 4, 2, 3, 4, 0, 4, 1, 6, 0, 2, 3, 6, 1, 3, 3],
       [4, 0, 5, 2, 3, 2, 0, 3, 2, 0, 4, 2, 6, 4, 5, 3, 4, 2, 4, 1],
       [2, 1, 3, 4, 2, 3, 0, 1, 4, 0, 3, 3, 0, 2, 5, 5, 2, 5, 0, 3],
       [0, 0, 0, 0, 0, 0, 0, 0, 0, 0, 0, 0, 0, 0, 0, 0, 0, 0, 0, 0],
       [5, 2, 1, 0, 2, 4, 5, 4, 4, 0, 5, 1, 4, 2, 0, 0, 2, 6, 5, 4],
       [2, 2, 4, 4, 2, 0, 4, 4, 0, 0, 4, 5, 3, 6, 4, 5, 0, 0, 6, 6],
       [2, 3, 0, 6, 5, 1, 2, 1, 2, 0, 2, 2, 1, 4, 1, 2, 3, 3, 3, 4],
       [0, 0, 2, 6, 3, 6, 5, 1, 3, 0, 5, 5, 1, 5, 1, 4, 6, 1, 3, 2],
       [1, 4, 6, 1, 0, 0, 0, 4, 3, 0, 5, 6, 4, 3, 6, 6, 5, 3, 4, 5]]"
The Citadel Hills,,Yrdtun,,The Shadowy Moor,The Mondrija Archipelago,"[[5, 2, 4, 3, 4, 2, 0, 6, 2, 0, 2, 6, 1, 2, 3, 3, 5, 4, 6, 5],
       [0, 1, 5, 3, 0, 3, 5, 1, 3, 0, 5, 1, 0, 0, 5, 2, 3, 0, 4, 1],
       [1, 6, 3, 5, 0, 3, 1, 4, 5, 0, 2, 5, 3, 0, 1, 6, 6, 6, 6, 1],
       [4, 4, 1, 5, 6, 0, 1, 2, 0, 0, 2, 3, 1, 3, 0, 1, 3, 1, 4, 0],
       [0, 0, 0, 0, 0, 0, 0, 0, 0, 0, 0, 0, 0, 0, 0, 0, 0, 0, 0, 0],
       [3, 2, 1, 2, 6, 2, 4, 4, 3, 0, 4, 0, 2, 5, 0, 0, 1, 2, 4, 4],
       [5, 6, 6, 5, 0, 2, 3, 4, 2, 0, 6, 4, 6, 1, 3, 4, 0, 4, 4, 4],
       [0, 0, 5, 3, 0, 4, 0, 0, 3, 0, 3, 5, 1, 3, 3, 5, 5, 5, 5, 1],
       [5, 1, 5, 3, 5, 3, 5, 5, 1, 0, 4, 6, 2, 6, 3, 6, 5, 2, 5, 0],
       [2, 4, 0, 1, 4, 4, 5, 3, 4, 0, 0, 1, 4, 1, 5, 3, 1, 4, 6, 3]]"
The Ninth Grave of Shema,,The Dread Tomb of the Shadow Queen,Paford,The Bloody Wand,,"[[0, 4, 1, 0, 5, 0, 4, 0, 0, 0, 4, 5, 2, 6, 5, 3, 4, 0, 5, 2],
       [4, 4, 0, 6, 1, 3, 0, 5, 6, 0, 3, 0, 0, 3, 4, 0, 4, 5, 4, 2],
       [1, 3, 3, 0, 4, 1, 3, 0, 6, 0, 1, 6, 4, 4, 0, 6, 3, 2, 6, 3],
       [6, 4, 2, 5, 1, 5, 1, 4, 4, 0, 3, 1, 3, 0, 3, 6, 4, 5, 5, 2],
       [0, 0, 0, 0, 0, 0, 0, 0, 0, 0, 0, 0, 0, 0, 0, 0, 0, 0, 0, 0],
       [2, 1, 1, 6, 2, 1, 4, 6, 6, 0, 4, 2, 6, 3, 2, 3, 5, 6, 3, 1],
       [5, 5, 6, 1, 1, 1, 5, 4, 1, 0, 0, 2, 5, 1, 5, 4, 4, 6, 2, 1],
       [5, 6, 0, 3, 6, 3, 3, 3, 5, 0, 0, 1, 5, 3, 1, 5, 0, 5, 4, 5],
       [1, 1, 5, 6, 0, 6, 4, 3, 1, 0, 1, 3, 4, 0, 3, 2, 5, 3, 5, 3],
       [2, 6, 0, 3, 2, 2, 5, 1, 3, 0, 5, 6, 0, 3, 5, 4, 2, 5, 1, 6]]"
Paford,,The Mondrija Archipelago,The Shadowy Moor,The Ravencrag Mountains,The Ninth Grave of Shema,"[[1, 0, 0, 1, 6, 5, 4, 2, 6, 0, 0, 0, 4, 4, 0, 1, 4, 1, 1, 4],
       [5, 2, 4, 0, 4, 4, 2, 0, 0, 0, 3, 0, 3, 0, 0, 3, 5, 6, 6, 0],
       [4, 3, 3, 1, 3, 4, 0, 6, 3, 0, 1, 6, 1, 4, 0, 2, 1, 3, 4, 3],
       [0, 5, 5, 2, 3, 6, 5, 0, 1, 0, 1, 1, 1, 4, 1, 6, 3, 0, 2, 4],
       [0, 0, 0, 0, 0, 0, 0, 0, 0, 0, 0, 0, 0, 0, 0, 0, 0, 0, 0, 0],
       [1, 3, 3, 1, 0, 5, 3, 1, 0, 0, 2, 4, 6, 4, 1, 0, 3, 2, 3, 6],
       [3, 4, 0, 1, 4, 3, 1, 2, 6, 0, 0, 1, 5, 1, 6, 3, 0, 5, 6, 1],
       [2, 6, 3, 1, 4, 5, 2, 3, 4, 0, 5, 6, 1, 0, 2, 6, 3, 2, 6, 2],
       [6, 5, 2, 1, 2, 2, 5, 4, 0, 0, 3, 1, 6, 1, 0, 2, 6, 6, 4, 5],
       [1, 4, 4, 3, 1, 4, 2, 1, 3, 0, 6, 3, 3, 0, 4, 2, 2, 5, 4, 6]]"
The Shadowy Moor,,The Citadel Hills,,The Tumunzar Mountains,Paford,"[[6, 0, 1, 2, 4, 6, 6, 4, 5, 0, 5, 4, 3, 6, 0, 6, 1, 0, 0, 1],
       [1, 0, 5, 0, 0, 4, 6, 3, 2, 0, 0, 0, 4, 3, 4, 6, 0, 5, 2, 2],
       [5, 4, 3, 0, 4, 3, 3, 6, 6, 0, 6, 4, 2, 5, 3, 5, 1, 6, 0, 2],
       [2, 2, 1, 1, 2, 3, 5, 4, 4, 0, 6, 5, 6, 6, 5, 5, 5, 4, 6, 1],
       [0, 0, 0, 0, 0, 0, 0, 0, 0, 0, 0, 0, 0, 0, 0, 0, 0, 0, 0, 0],
       [3, 6, 5, 1, 2, 6, 4, 1, 2, 0, 5, 2, 3, 5, 3, 4, 1, 4, 0, 5],
       [5, 5, 5, 4, 5, 5, 6, 1, 0, 0, 4, 1, 0, 4, 0, 5, 0, 3, 3, 3],
       [0, 6, 5, 2, 3, 6, 0, 4, 0, 0, 4, 1, 6, 3, 0, 3, 2, 4, 2, 3],
       [3, 4, 1, 5, 1, 2, 1, 5, 6, 0, 3, 1, 1, 6, 5, 3, 2, 3, 5, 0],
       [6, 0, 6, 3, 5, 5, 3, 3, 0, 0, 1, 0, 3, 0, 5, 4, 2, 0, 5, 2]]"
The Bloody Wand,,The Ninth Grave of Shema,The Ravencrag Mountains,The Warlord's March,,"[[0, 0, 4, 0, 3, 0, 2, 2, 4, 0, 3, 3, 1, 6, 5, 2, 5, 3, 2, 0],
       [3, 2, 6, 0, 2, 5, 5, 6, 5, 0, 3, 2, 3, 4, 0, 0, 6, 3, 2, 0],
       [6, 2, 4, 2, 3, 5, 2, 1, 1, 0, 1, 4, 6, 3, 2, 2, 0, 1, 1, 6],
       [4, 1, 6, 4, 4, 2, 0, 5, 2, 0, 0, 0, 2, 6, 6, 3, 3, 1, 3, 3],
       [0, 0, 0, 0, 0, 0, 0, 0, 0, 0, 0, 0, 0, 0, 0, 0, 0, 0, 0, 0],
       [3, 6, 4, 1, 4, 6, 4, 5, 3, 0, 3, 1, 6, 1, 1, 4, 0, 2, 4, 6],
       [3, 6, 2, 0, 6, 2, 1, 6, 0, 0, 5, 1, 1, 4, 1, 3, 1, 1, 5, 2],
       [4, 5, 5, 0, 1, 4, 3, 2, 6, 0, 1, 0, 0, 6, 3, 1, 4, 6, 2, 2],
       [3, 0, 4, 1, 0, 1, 1, 0, 3, 0, 5, 1, 3, 0, 3, 6, 2, 2, 2, 3],
       [1, 5, 6, 6, 3, 1, 0, 5, 0, 0, 5, 6, 1, 3, 3, 3, 5, 6, 0, 0]]"
The Ravencrag Mountains,,Paford,The Tumunzar Mountains,The Savage Sea,The Bloody Wand,"[[6, 6, 3, 1, 2, 4, 2, 5, 2, 0, 5, 2, 5, 1, 2, 4, 5, 5, 3, 3],
       [5, 6, 3, 6, 2, 6, 4, 3, 0, 0, 1, 1, 5, 1, 5, 3, 2, 3, 2, 5],
       [0, 0, 3, 2, 2, 3, 0, 1, 5, 0, 0, 2, 6, 6, 0, 1, 0, 5, 3, 2],
       [5, 5, 1, 4, 1, 2, 5, 1, 2, 0, 2, 6, 6, 3, 1, 5, 6, 5, 0, 5],
       [0, 0, 0, 0, 0, 0, 0, 0, 0, 0, 0, 0, 0, 0, 0, 0, 0, 0, 0, 0],
       [0, 5, 4, 0, 0, 4, 4, 5, 1, 0, 1, 4, 3, 6, 4, 3, 2, 2, 0, 0],
       [5, 0, 3, 6, 1, 0, 4, 4, 6, 0, 3, 0, 0, 5, 6, 3, 0, 2, 0, 2],
       [3, 4, 2, 6, 2, 3, 6, 4, 6, 0, 2, 0, 4, 5, 1, 4, 0, 6, 0, 5],
       [1, 4, 6, 0, 4, 0, 0, 4, 0, 0, 0, 1, 2, 3, 5, 2, 0, 4, 4, 4],
       [3, 0, 5, 5, 0, 3, 5, 2, 0, 0, 1, 0, 1, 1, 1, 6, 3, 0, 3, 6]]"
The Tumunzar Mountains,,The Shadowy Moor,,Birghidotr's Deep,The Ravencrag Mountains,"[[6, 6, 1, 5, 6, 4, 4, 3, 5, 0, 2, 2, 0, 0, 5, 3, 0, 3, 6, 0],
       [5, 5, 6, 5, 3, 6, 2, 3, 3, 0, 3, 2, 4, 3, 6, 1, 5, 5, 4, 0],
       [0, 4, 1, 1, 4, 2, 6, 5, 2, 0, 1, 3, 4, 3, 2, 6, 3, 3, 0, 0],
       [2, 6, 3, 0, 6, 4, 2, 1, 0, 0, 1, 1, 4, 6, 0, 4, 1, 2, 5, 2],
       [0, 0, 0, 0, 0, 0, 0, 0, 0, 0, 0, 0, 0, 0, 0, 0, 0, 0, 0, 0],
       [4, 2, 1, 1, 1, 5, 4, 6, 5, 0, 1, 6, 3, 1, 2, 3, 2, 1, 1, 1],
       [2, 1, 1, 3, 0, 0, 2, 3, 3, 0, 6, 6, 5, 0, 0, 2, 1, 0, 6, 2],
       [5, 6, 5, 5, 3, 6, 5, 0, 1, 0, 3, 0, 1, 1, 4, 3, 2, 1, 0, 3],
       [0, 0, 0, 5, 3, 5, 1, 3, 1, 0, 2, 2, 4, 3, 2, 3, 0, 6, 4, 0],
       [4, 1, 5, 4, 5, 3, 5, 6, 1, 0, 3, 2, 2, 4, 6, 4, 3, 0, 4, 6]]"
The Warlord's March,,The Bloody Wand,The Savage Sea,The Graven Hills,,"[[5, 3, 5, 6, 5, 2, 2, 0, 2, 0, 0, 0, 6, 4, 5, 2, 2, 0, 0, 3],
       [5, 3, 1, 0, 1, 2, 4, 3, 0, 0, 5, 0, 1, 4, 4, 6, 2, 0, 2, 3],
       [3, 6, 0, 4, 4, 2, 2, 1, 1, 0, 1, 3, 0, 2, 4, 6, 2, 6, 5, 1],
       [0, 0, 4, 0, 6, 6, 2, 2, 0, 0, 5, 5, 3, 5, 4, 0, 0, 1, 6, 1],
       [0, 0, 0, 0, 0, 0, 0, 0, 0, 0, 0, 0, 0, 0, 0, 0, 0, 0, 0, 0],
       [2, 4, 0, 1, 4, 1, 4, 3, 3, 0, 4, 4, 5, 5, 3, 3, 6, 2, 4, 4],
       [5, 0, 2, 1, 3, 0, 5, 0, 4, 0, 5, 4, 4, 4, 4, 4, 5, 2, 0, 4],
       [0, 5, 6, 5, 0, 2, 0, 5, 5, 0, 2, 3, 1, 3, 4, 2, 2, 5, 6, 4],
       [2, 0, 0, 3, 5, 3, 4, 2, 3, 0, 0, 5, 2, 6, 0, 6, 0, 0, 1, 5],
       [6, 1, 4, 6, 2, 5, 0, 6, 3, 0, 5, 4, 0, 0, 0, 4, 2, 3, 5, 1]]"
The Savage Sea,,The Ravencrag Mountains,Birghidotr's Deep,The Holy City of Kharbundush,The Warlord's March,"[[0, 2, 5, 1, 0, 5, 1, 1, 6, 0, 6, 3, 4, 5, 2, 1, 3, 4, 5, 6],
       [1, 6, 1, 2, 3, 3, 5, 5, 5, 0, 0, 2, 1, 2, 0, 2, 1, 0, 6, 3],
       [2, 0, 1, 2, 2, 4, 1, 4, 4, 0, 1, 1, 1, 1, 3, 2, 5, 2, 5, 1],
       [4, 4, 1, 4, 5, 5, 1, 4, 1, 0, 6, 3, 0, 5, 6, 1, 6, 4, 5, 3],
       [0, 0, 0, 0, 0, 0, 0, 0, 0, 0, 0, 0, 0, 0, 0, 0, 0, 0, 0, 0],
       [4, 0, 3, 6, 2, 1, 5, 5, 3, 0, 2, 5, 3, 6, 1, 6, 6, 2, 2, 6],
       [0, 4, 1, 5, 4, 2, 5, 1, 6, 0, 0, 6, 6, 3, 5, 3, 1, 3, 1, 4],
       [1, 1, 6, 4, 4, 1, 6, 1, 3, 0, 5, 4, 5, 2, 6, 5, 5, 1, 2, 3],
       [5, 0, 5, 6, 5, 6, 4, 6, 5, 0, 6, 4, 3, 1, 6, 0, 2, 4, 3, 6],
       [0, 6, 1, 3, 4, 0, 1, 4, 5, 0, 1, 2, 6, 0, 2, 6, 6, 4, 1, 3]]"
Birghidotr's Deep,,The Tumunzar Mountains,,The Haunted Downs,The Savage Sea,"[[2, 0, 5, 6, 5, 2, 0, 2, 0, 0, 5, 3, 5, 1, 3, 4, 3, 6, 5, 4],
       [6, 3, 6, 1, 2, 4, 6, 0, 6, 0, 6, 4, 2, 2, 6, 2, 4, 0, 3, 0],
       [2, 2, 2, 2, 6, 4, 4, 0, 6, 0, 2, 4, 6, 2, 1, 6, 6, 5, 3, 2],
       [2, 1, 3, 3, 2, 5, 0, 1, 5, 0, 4, 4, 3, 2, 2, 6, 3, 6, 0, 6],
       [0, 0, 0, 0, 0, 0, 0, 0, 0, 0, 0, 0, 0, 0, 0, 0, 0, 0, 0, 0],
       [5, 4, 0, 5, 4, 6, 1, 0, 0, 0, 5, 6, 4, 6, 0, 5, 3, 6, 0, 2],
       [1, 0, 4, 0, 2, 5, 1, 3, 0, 0, 4, 2, 3, 5, 6, 4, 4, 4, 2, 0],
       [0, 5, 0, 3, 5, 2, 4, 0, 6, 0, 2, 5, 0, 6, 2, 2, 5, 3, 0, 3],
       [0, 3, 2, 2, 4, 3, 1, 3, 0, 0, 1, 3, 3, 0, 5, 1, 0, 5, 3, 5],
       [1, 4, 0, 6, 4, 0, 4, 2, 0, 0, 1, 5, 0, 4, 2, 5, 4, 2, 2, 6]]"
The Graven Hills,,The Warlord's March,The Holy City of Kharbundush,Sedon,," [[0, 0, 6, 2, 3, 5, 3, 3, 0, 0, 6, 0, 0, 0, 5, 1, 1, 2, 2, 0],
       [2, 3, 6, 1, 2, 0, 4, 0, 6, 0, 3, 0, 3, 4, 4, 1, 3, 4, 0, 4],
       [5, 2, 6, 0, 1, 1, 0, 5, 4, 0, 6, 2, 4, 1, 1, 0, 3, 2, 4, 4],
       [5, 6, 3, 5, 0, 0, 2, 3, 0, 0, 1, 6, 1, 4, 0, 3, 1, 2, 1, 2],
       [0, 0, 0, 0, 0, 0, 0, 0, 0, 0, 0, 0, 0, 0, 0, 0, 0, 0, 0, 0],
       [6, 4, 3, 6, 3, 3, 0, 2, 2, 0, 5, 0, 1, 6, 1, 0, 2, 0, 6, 3],
       [0, 0, 0, 6, 3, 5, 5, 3, 3, 0, 5, 4, 0, 6, 0, 2, 2, 4, 6, 6],
       [1, 0, 6, 6, 5, 6, 5, 0, 1, 0, 3, 4, 0, 0, 3, 4, 6, 6, 4, 0],
       [1, 1, 3, 4, 4, 2, 3, 6, 5, 0, 3, 5, 2, 3, 3, 2, 5, 2, 2, 4],
       [5, 2, 5, 5, 2, 6, 3, 4, 0, 0, 3, 4, 6, 4, 5, 1, 4, 6, 2, 5]]"
The Holy City of Kharbundush,,The Savage Sea,The Haunted Downs,The Secret Tunnels of the Gargoyle Countess,The Graven Hills,"[[2, 0, 0, 6, 5, 4, 3, 4, 4, 0, 5, 2, 1, 6, 0, 4, 1, 1, 0, 6],
       [3, 6, 5, 2, 3, 0, 4, 0, 2, 0, 4, 1, 5, 6, 4, 1, 5, 2, 0, 1],
       [5, 5, 2, 6, 6, 3, 6, 4, 1, 0, 0, 2, 1, 4, 4, 3, 1, 0, 4, 2],
       [5, 2, 2, 4, 4, 1, 2, 2, 1, 0, 0, 2, 2, 3, 1, 5, 0, 6, 2, 2],
       [0, 0, 0, 0, 0, 0, 0, 0, 0, 0, 0, 0, 0, 0, 0, 0, 0, 0, 0, 0],
       [1, 0, 2, 4, 1, 2, 0, 6, 3, 0, 1, 1, 1, 5, 3, 5, 6, 6, 2, 3],
       [2, 3, 3, 6, 5, 5, 4, 4, 2, 0, 6, 5, 6, 5, 0, 4, 1, 6, 3, 1],
       [4, 0, 4, 4, 3, 6, 1, 2, 0, 0, 4, 3, 3, 3, 2, 1, 0, 0, 0, 3],
       [2, 2, 3, 2, 1, 3, 5, 0, 3, 0, 2, 2, 2, 4, 1, 5, 1, 2, 4, 2],
       [2, 3, 6, 1, 4, 3, 2, 4, 0, 0, 6, 2, 1, 1, 5, 2, 6, 1, 6, 5]]"
The Haunted Downs,,Birghidotr's Deep,,The Wizard's Meadhall,The Holy City of Kharbundush,"[[1, 0, 6, 1, 4, 5, 4, 5, 2, 0, 3, 2, 0, 6, 4, 5, 3, 6, 6, 1],
       [1, 2, 3, 3, 2, 6, 4, 1, 2, 0, 4, 4, 1, 1, 4, 3, 0, 0, 0, 5],
       [0, 5, 5, 2, 1, 1, 3, 2, 0, 0, 5, 3, 0, 1, 2, 3, 6, 4, 1, 6],
       [4, 5, 4, 2, 4, 2, 1, 1, 3, 0, 6, 6, 6, 0, 5, 1, 3, 2, 3, 6],
       [0, 0, 0, 0, 0, 0, 0, 0, 0, 0, 0, 0, 0, 0, 0, 0, 0, 0, 0, 0],
       [1, 6, 6, 0, 2, 6, 0, 0, 0, 0, 5, 1, 6, 6, 2, 1, 4, 1, 4, 4],
       [6, 3, 6, 6, 5, 4, 4, 1, 0, 0, 2, 3, 4, 6, 4, 1, 6, 0, 1, 1],
       [3, 5, 3, 3, 4, 4, 3, 0, 2, 0, 4, 5, 1, 6, 6, 6, 3, 5, 0, 1],
       [1, 2, 2, 0, 5, 6, 2, 2, 6, 0, 1, 2, 6, 4, 3, 6, 5, 4, 2, 3],
       [5, 3, 6, 3, 4, 1, 6, 6, 0, 0, 5, 3, 0, 2, 6, 4, 2, 1, 2, 6]]"
Sedon,,The Graven Hills,The Secret Tunnels of the Gargoyle Countess,Thonyamen,,"[[5, 5, 2, 2, 0, 4, 5, 5, 4, 0, 6, 5, 2, 2, 6, 6, 0, 6, 5, 3],
       [6, 3, 0, 3, 6, 4, 0, 4, 4, 0, 6, 1, 4, 4, 0, 4, 6, 1, 5, 4],
       [0, 1, 2, 2, 2, 0, 2, 3, 0, 0, 0, 4, 1, 0, 3, 2, 2, 2, 6, 3],
       [0, 2, 4, 0, 3, 5, 3, 2, 5, 0, 6, 6, 5, 2, 4, 5, 2, 0, 1, 5],
       [0, 0, 0, 0, 0, 0, 0, 0, 0, 0, 0, 0, 0, 0, 0, 0, 0, 0, 0, 0],
       [4, 1, 2, 0, 5, 4, 6, 3, 4, 0, 3, 1, 1, 5, 6, 6, 2, 6, 1, 1],
       [2, 2, 1, 5, 5, 6, 1, 5, 5, 0, 0, 3, 6, 2, 5, 6, 4, 2, 1, 3],
       [0, 6, 5, 3, 6, 0, 1, 5, 2, 0, 1, 1, 4, 0, 5, 6, 1, 0, 2, 0],
       [4, 0, 1, 4, 2, 2, 6, 4, 2, 0, 0, 4, 5, 4, 1, 6, 5, 3, 4, 5],
       [3, 3, 0, 0, 1, 3, 6, 4, 3, 0, 4, 6, 0, 0, 6, 5, 0, 3, 2, 3]]"
The Secret Tunnels of the Gargoyle Countess,,The Holy City of Kharbundush,The Wizard's Meadhall,The Raqchuco Jungle,Sedon,"[[2, 5, 6, 1, 2, 1, 2, 2, 0, 0, 0, 5, 1, 2, 0, 5, 0, 5, 3, 0],
       [5, 5, 4, 5, 1, 5, 4, 3, 2, 0, 5, 6, 2, 0, 0, 0, 2, 4, 0, 2],
       [3, 2, 3, 1, 6, 3, 2, 0, 3, 0, 2, 2, 4, 3, 6, 2, 1, 1, 3, 6],
       [2, 6, 4, 3, 5, 1, 3, 5, 6, 0, 6, 6, 2, 2, 1, 2, 5, 2, 1, 1],
       [0, 0, 0, 0, 0, 0, 0, 0, 0, 0, 0, 0, 0, 0, 0, 0, 0, 0, 0, 0],
       [3, 6, 2, 2, 1, 1, 5, 4, 3, 0, 3, 0, 4, 2, 4, 5, 0, 4, 3, 6],
       [0, 2, 6, 6, 2, 5, 6, 3, 6, 0, 3, 4, 4, 4, 5, 4, 0, 4, 6, 0],
       [4, 3, 2, 3, 4, 5, 5, 6, 4, 0, 4, 0, 0, 2, 1, 4, 0, 3, 3, 4],
       [3, 4, 1, 4, 0, 1, 0, 3, 5, 0, 1, 1, 4, 3, 6, 5, 6, 1, 0, 0],
       [0, 0, 0, 5, 6, 5, 5, 6, 0, 0, 4, 6, 6, 4, 6, 2, 2, 6, 2, 2]]"
The Wizard's Meadhall,,The Haunted Downs,,The Desolation of Yaanahash,The Secret Tunnels of the Gargoyle Countess,"[[3, 4, 6, 5, 6, 1, 1, 4, 2, 0, 1, 6, 0, 1, 2, 2, 5, 0, 3, 1],
       [0, 1, 5, 4, 2, 3, 2, 0, 3, 0, 2, 4, 4, 3, 4, 5, 5, 5, 1, 0],
       [6, 3, 5, 5, 6, 1, 0, 0, 1, 0, 0, 3, 3, 1, 1, 4, 6, 2, 3, 1],
       [0, 2, 4, 6, 0, 3, 3, 5, 4, 0, 2, 5, 2, 2, 6, 2, 1, 3, 3, 0],
       [0, 0, 0, 0, 0, 0, 0, 0, 0, 0, 0, 0, 0, 0, 0, 0, 0, 0, 0, 0],
       [6, 1, 3, 3, 5, 6, 0, 4, 2, 0, 6, 2, 0, 3, 5, 6, 1, 4, 1, 6],
       [1, 5, 3, 4, 5, 1, 2, 5, 0, 0, 5, 6, 5, 0, 5, 6, 5, 6, 3, 3],
       [2, 5, 6, 5, 3, 1, 0, 4, 3, 0, 3, 4, 2, 3, 2, 4, 1, 3, 3, 1],
       [1, 4, 6, 2, 4, 4, 0, 2, 2, 0, 1, 1, 4, 5, 1, 6, 0, 4, 2, 4],
       [6, 1, 0, 6, 1, 5, 1, 1, 4, 0, 6, 4, 4, 4, 2, 6, 4, 0, 4, 3]]"
Thonyamen,,Sedon,The Raqchuco Jungle,The Island of Ruin,,"[[1, 4, 2, 5, 4, 1, 0, 4, 2, 0, 4, 0, 2, 5, 5, 1, 1, 0, 0, 2],
       [0, 4, 0, 6, 0, 0, 2, 6, 2, 0, 0, 2, 5, 0, 4, 4, 2, 1, 4, 1],
       [2, 3, 2, 6, 3, 0, 4, 4, 6, 0, 3, 6, 1, 4, 6, 2, 2, 4, 0, 5],
       [5, 1, 5, 4, 1, 4, 0, 3, 5, 0, 5, 6, 3, 4, 5, 0, 5, 5, 4, 2],
       [0, 0, 0, 0, 0, 0, 0, 0, 0, 0, 0, 0, 0, 0, 0, 0, 0, 0, 0, 0],
       [5, 3, 5, 0, 4, 6, 6, 5, 1, 0, 1, 3, 3, 6, 1, 5, 4, 2, 0, 5],
       [3, 5, 0, 2, 0, 0, 0, 1, 1, 0, 0, 1, 2, 3, 4, 5, 5, 6, 1, 2],
       [3, 3, 1, 3, 6, 6, 1, 4, 6, 0, 3, 3, 2, 2, 2, 5, 2, 4, 2, 1],
       [0, 3, 2, 4, 0, 1, 2, 4, 5, 0, 0, 4, 0, 1, 2, 5, 6, 3, 0, 3],
       [1, 2, 4, 2, 0, 5, 0, 4, 0, 0, 6, 3, 5, 1, 5, 0, 5, 1, 2, 0]]"
The Raqchuco Jungle,,The Secret Tunnels of the Gargoyle Countess,The Desolation of Yaanahash,The Qoyora Veldt,Thonyamen,"[[0, 0, 2, 3, 1, 5, 5, 3, 1, 0, 0, 2, 2, 0, 4, 2, 4, 1, 6, 5],
       [3, 1, 2, 6, 0, 4, 0, 1, 6, 0, 6, 4, 6, 6, 0, 2, 4, 2, 3, 1],
       [2, 1, 5, 3, 1, 0, 0, 5, 1, 0, 1, 4, 4, 4, 0, 5, 6, 5, 0, 2],
       [5, 3, 2, 4, 2, 4, 2, 1, 5, 0, 2, 0, 2, 5, 6, 0, 6, 2, 6, 2],
       [0, 0, 0, 0, 0, 0, 0, 0, 0, 0, 0, 0, 0, 0, 0, 0, 0, 0, 0, 0],
       [0, 5, 0, 6, 6, 4, 2, 2, 6, 0, 1, 5, 4, 5, 1, 6, 5, 0, 3, 4],
       [0, 4, 1, 3, 6, 4, 0, 2, 2, 0, 5, 1, 5, 5, 2, 5, 1, 3, 3, 5],
       [6, 5, 3, 0, 3, 5, 2, 3, 5, 0, 1, 2, 3, 5, 0, 5, 0, 5, 6, 3],
       [0, 3, 3, 0, 0, 0, 5, 6, 2, 0, 1, 4, 1, 6, 5, 6, 6, 6, 1, 0],
       [2, 1, 4, 0, 6, 0, 3, 2, 6, 0, 0, 4, 1, 2, 5, 1, 0, 5, 0, 3]]"
The Desolation of Yaanahash,,The Wizard's Meadhall,,The Garden City of Chybluff,The Raqchuco Jungle,"[[1, 3, 3, 2, 2, 2, 4, 2, 1, 0, 1, 5, 0, 5, 1, 6, 5, 2, 2, 0],
       [6, 0, 5, 6, 0, 3, 4, 2, 4, 0, 6, 5, 3, 2, 6, 1, 3, 4, 5, 5],
       [6, 2, 0, 3, 3, 5, 1, 0, 4, 0, 6, 6, 6, 1, 1, 4, 5, 4, 2, 3],
       [0, 1, 6, 2, 0, 3, 4, 6, 5, 0, 5, 3, 3, 3, 3, 5, 4, 3, 4, 5],
       [0, 0, 0, 0, 0, 0, 0, 0, 0, 0, 0, 0, 0, 0, 0, 0, 0, 0, 0, 0],
       [2, 3, 0, 6, 1, 2, 6, 3, 1, 0, 1, 4, 5, 0, 6, 0, 2, 6, 4, 3],
       [1, 3, 2, 2, 0, 0, 2, 6, 2, 0, 5, 4, 1, 3, 2, 0, 5, 0, 0, 1],
       [5, 1, 0, 6, 5, 4, 6, 5, 5, 0, 4, 6, 2, 4, 4, 5, 6, 1, 6, 5],
       [1, 3, 0, 5, 0, 3, 1, 1, 2, 0, 4, 4, 6, 6, 3, 6, 4, 6, 6, 6],
       [3, 3, 6, 0, 0, 4, 2, 1, 5, 0, 4, 3, 1, 1, 2, 2, 3, 2, 2, 6]]"
The Island of Ruin,,Thonyamen,The Qoyora Veldt,The Venomous Heath,,"[[6, 3, 4, 1, 2, 0, 0, 5, 5, 0, 1, 5, 3, 0, 1, 2, 3, 3, 4, 6],
       [5, 3, 1, 6, 1, 0, 2, 3, 0, 0, 1, 6, 4, 2, 0, 4, 1, 4, 6, 6],
       [3, 5, 5, 6, 2, 1, 2, 6, 6, 0, 3, 0, 5, 3, 2, 3, 0, 1, 3, 0],
       [2, 1, 0, 0, 0, 4, 6, 6, 4, 0, 2, 3, 3, 4, 3, 5, 1, 6, 3, 4],
       [0, 0, 0, 0, 0, 0, 0, 0, 0, 0, 0, 0, 0, 0, 0, 0, 0, 0, 0, 0],
       [4, 2, 4, 6, 3, 3, 2, 6, 2, 0, 4, 5, 4, 3, 2, 2, 2, 5, 2, 0],
       [5, 4, 4, 3, 2, 3, 4, 3, 3, 0, 6, 2, 5, 5, 2, 1, 2, 0, 5, 4],
       [6, 2, 4, 1, 0, 1, 3, 0, 5, 0, 6, 0, 4, 3, 6, 2, 5, 5, 6, 4],
       [1, 6, 1, 1, 3, 5, 5, 4, 1, 0, 2, 4, 5, 0, 3, 3, 6, 6, 4, 5],
       [4, 2, 5, 2, 6, 4, 5, 3, 2, 0, 5, 3, 1, 4, 6, 0, 6, 5, 3, 5]]"
The Qoyora Veldt,,The Raqchuco Jungle,The Garden City of Chybluff,The Titanic Abyss of Myazu,The Island of Ruin,"[[2, 1, 3, 1, 5, 6, 0, 2, 4, 0, 5, 5, 1, 1, 0, 0, 2, 4, 4, 0],
       [5, 1, 5, 3, 0, 3, 3, 1, 5, 0, 3, 6, 6, 0, 1, 1, 6, 6, 0, 4],
       [0, 4, 0, 5, 5, 5, 1, 2, 3, 0, 0, 4, 6, 5, 6, 4, 6, 5, 5, 5],
       [0, 6, 4, 6, 4, 6, 5, 6, 6, 0, 0, 0, 5, 5, 0, 0, 2, 1, 3, 0],
       [0, 0, 0, 0, 0, 0, 0, 0, 0, 0, 0, 0, 0, 0, 0, 0, 0, 0, 0, 0],
       [0, 2, 2, 5, 1, 2, 4, 1, 6, 0, 0, 3, 0, 0, 6, 6, 2, 4, 3, 1],
       [5, 5, 0, 4, 3, 5, 6, 3, 2, 0, 0, 1, 3, 3, 3, 2, 3, 0, 4, 3],
       [3, 5, 5, 1, 3, 1, 4, 3, 6, 0, 4, 1, 5, 6, 1, 2, 0, 0, 6, 2],
       [4, 2, 5, 2, 4, 2, 1, 0, 6, 0, 6, 3, 1, 1, 6, 1, 4, 1, 0, 1],
       [4, 3, 4, 1, 4, 5, 0, 0, 6, 0, 1, 3, 0, 4, 2, 6, 4, 0, 5, 0]]"
The Garden City of Chybluff,,The Desolation of Yaanahash,,The Island of Ice,The Qoyora Veldt,"[[0, 3, 2, 0, 1, 4, 4, 0, 1, 0, 4, 2, 3, 2, 1, 3, 2, 3, 3, 1],
       [1, 2, 5, 3, 6, 6, 2, 0, 1, 0, 3, 5, 3, 6, 2, 6, 0, 4, 1, 1],
       [5, 2, 3, 3, 1, 6, 1, 2, 3, 0, 0, 6, 3, 1, 0, 1, 5, 3, 4, 2],
       [6, 2, 2, 1, 4, 4, 6, 4, 2, 0, 5, 0, 6, 2, 5, 2, 4, 6, 5, 4],
       [0, 0, 0, 0, 0, 0, 0, 0, 0, 0, 0, 0, 0, 0, 0, 0, 0, 0, 0, 0],
       [3, 5, 4, 3, 0, 5, 3, 0, 1, 0, 4, 3, 4, 5, 3, 4, 6, 4, 1, 6],
       [3, 0, 2, 1, 4, 4, 3, 4, 3, 0, 2, 5, 3, 4, 0, 2, 6, 2, 2, 5],
       [1, 2, 1, 3, 0, 3, 6, 5, 0, 0, 4, 6, 1, 5, 3, 6, 6, 0, 5, 3],
       [3, 3, 5, 2, 6, 5, 2, 2, 0, 0, 3, 3, 6, 1, 3, 3, 1, 5, 5, 4],
       [2, 2, 3, 5, 5, 0, 3, 1, 2, 0, 3, 6, 0, 0, 4, 1, 3, 0, 0, 3]]"
The Venomous Heath,,The Island of Ruin,The Titanic Abyss of Myazu,The Dark Tomb of Evil,,"[[6, 2, 3, 5, 5, 1, 1, 4, 4, 0, 3, 1, 3, 2, 5, 6, 5, 5, 6, 4],
       [5, 3, 4, 0, 5, 5, 1, 3, 0, 0, 1, 6, 2, 6, 3, 1, 3, 5, 4, 1],
       [6, 6, 6, 0, 3, 6, 2, 2, 4, 0, 6, 5, 2, 5, 2, 1, 6, 4, 6, 4],
       [1, 6, 5, 6, 5, 6, 3, 6, 6, 0, 1, 4, 4, 2, 5, 2, 3, 1, 2, 5],
       [0, 0, 0, 0, 0, 0, 0, 0, 0, 0, 0, 0, 0, 0, 0, 0, 0, 0, 0, 0],
       [1, 3, 3, 0, 2, 3, 0, 4, 6, 0, 4, 5, 3, 1, 4, 0, 3, 6, 0, 5],
       [4, 6, 1, 5, 5, 0, 6, 3, 6, 0, 5, 5, 2, 6, 1, 5, 6, 3, 0, 4],
       [1, 1, 5, 4, 5, 1, 2, 1, 4, 0, 3, 0, 1, 4, 0, 0, 1, 0, 2, 1],
       [3, 1, 2, 0, 6, 2, 3, 6, 4, 0, 1, 5, 5, 4, 2, 0, 1, 0, 5, 4],
       [6, 4, 2, 5, 1, 0, 2, 6, 4, 0, 2, 4, 6, 0, 4, 0, 4, 3, 2, 2]]"
The Titanic Abyss of Myazu,,The Qoyora Veldt,The Island of Ice,The Plains of Valor,The Venomous Heath,"[[3, 1, 5, 5, 6, 2, 2, 2, 2, 0, 4, 5, 3, 0, 4, 6, 6, 6, 1, 3],
       [3, 4, 6, 6, 4, 0, 3, 0, 3, 0, 2, 1, 5, 6, 5, 2, 0, 3, 5, 0],
       [0, 2, 1, 3, 1, 4, 5, 5, 2, 0, 4, 4, 2, 0, 2, 4, 1, 3, 0, 2],
       [6, 1, 0, 3, 1, 6, 2, 1, 6, 0, 0, 6, 3, 5, 5, 1, 1, 2, 0, 1],
       [0, 0, 0, 0, 0, 0, 0, 0, 0, 0, 0, 0, 0, 0, 0, 0, 0, 0, 0, 0],
       [6, 6, 1, 6, 0, 2, 4, 1, 5, 0, 5, 6, 3, 2, 6, 1, 2, 4, 1, 2],
       [6, 0, 2, 5, 3, 1, 0, 5, 5, 0, 6, 4, 3, 2, 3, 2, 6, 0, 1, 1],
       [6, 6, 2, 6, 6, 0, 4, 4, 1, 0, 3, 4, 3, 4, 2, 6, 6, 1, 0, 0],
       [3, 6, 4, 6, 5, 3, 6, 3, 4, 0, 3, 6, 1, 6, 5, 1, 4, 3, 4, 0],
       [2, 0, 5, 0, 3, 5, 0, 2, 4, 0, 4, 1, 5, 0, 2, 5, 2, 2, 1, 2]]"
The Island of Ice,,The Garden City of Chybluff,,The Jizah Desert,The Titanic Abyss of Myazu,"[[6, 1, 6, 2, 2, 6, 0, 5, 1, 0, 0, 1, 1, 5, 6, 3, 0, 3, 6, 6],
       [5, 5, 1, 0, 0, 2, 3, 5, 2, 0, 6, 1, 5, 4, 5, 1, 2, 0, 2, 0],
       [6, 3, 0, 0, 0, 2, 5, 6, 4, 0, 5, 3, 5, 0, 5, 2, 4, 5, 3, 2],
       [6, 3, 0, 1, 3, 0, 2, 4, 4, 0, 1, 6, 3, 5, 6, 0, 3, 3, 0, 6],
       [0, 0, 0, 0, 0, 0, 0, 0, 0, 0, 0, 0, 0, 0, 0, 0, 0, 0, 0, 0],
       [3, 6, 3, 0, 0, 6, 0, 2, 3, 0, 4, 2, 2, 3, 3, 6, 0, 2, 1, 6],
       [0, 2, 6, 0, 1, 4, 1, 1, 1, 0, 6, 4, 1, 2, 3, 5, 4, 4, 0, 1],
       [6, 3, 5, 5, 2, 2, 3, 1, 5, 0, 4, 2, 1, 2, 2, 3, 1, 1, 1, 2],
       [6, 3, 5, 3, 6, 2, 5, 5, 3, 0, 4, 4, 6, 5, 6, 0, 4, 2, 0, 2],
       [2, 1, 1, 3, 4, 5, 4, 4, 2, 0, 4, 6, 0, 3, 1, 0, 3, 0, 0, 0]]"
The Dark Tomb of Evil,,The Venomous Heath,The Plains of Valor,The Citadel of Lord Greywulf,,"[[1, 0, 5, 5, 5, 1, 2, 0, 0, 0, 4, 2, 5, 5, 1, 1, 3, 4, 3, 6],
       [6, 4, 3, 4, 1, 5, 5, 4, 4, 0, 2, 0, 2, 2, 0, 5, 3, 1, 4, 4],
       [6, 3, 1, 0, 6, 0, 2, 3, 4, 0, 1, 1, 2, 0, 4, 5, 5, 4, 2, 0],
       [4, 4, 1, 1, 1, 2, 5, 1, 5, 0, 0, 6, 6, 3, 3, 5, 4, 6, 3, 3],
       [0, 0, 0, 0, 0, 0, 0, 0, 0, 0, 0, 0, 0, 0, 0, 0, 0, 0, 0, 0],
       [6, 3, 5, 1, 6, 2, 2, 2, 5, 0, 5, 2, 6, 5, 5, 5, 5, 5, 0, 4],
       [6, 1, 5, 6, 5, 1, 5, 5, 3, 0, 4, 1, 5, 6, 4, 5, 3, 0, 5, 2],
       [3, 3, 4, 0, 4, 4, 1, 5, 0, 0, 2, 3, 6, 6, 4, 4, 5, 4, 3, 5],
       [5, 4, 4, 1, 0, 5, 5, 2, 6, 0, 4, 3, 0, 5, 4, 2, 4, 5, 6, 4],
       [5, 4, 0, 0, 2, 0, 0, 1, 6, 0, 1, 4, 5, 2, 0, 0, 6, 5, 0, 4]]"
The Plains of Valor,,The Titanic Abyss of Myazu,The Jizah Desert,The Shadowy Fen,The Dark Tomb of Evil,"[[5, 6, 3, 0, 5, 1, 1, 2, 3, 0, 6, 2, 3, 2, 4, 1, 6, 6, 1, 1],
       [0, 3, 1, 6, 4, 4, 5, 6, 3, 0, 0, 3, 0, 1, 0, 1, 6, 3, 5, 4],
       [1, 2, 0, 4, 6, 4, 3, 1, 1, 0, 6, 2, 5, 6, 4, 3, 3, 0, 0, 6],
       [5, 4, 3, 4, 4, 4, 4, 1, 4, 0, 5, 2, 0, 0, 5, 6, 3, 2, 1, 3],
       [0, 0, 0, 0, 0, 0, 0, 0, 0, 0, 0, 0, 0, 0, 0, 0, 0, 0, 0, 0],
       [3, 3, 0, 3, 0, 0, 2, 2, 4, 0, 6, 2, 5, 0, 3, 1, 1, 3, 6, 3],
       [5, 0, 1, 0, 4, 6, 2, 4, 4, 0, 2, 5, 0, 6, 4, 2, 0, 0, 6, 1],
       [0, 5, 4, 6, 1, 2, 4, 5, 6, 0, 5, 4, 6, 0, 6, 4, 6, 5, 2, 5],
       [0, 6, 0, 1, 0, 4, 0, 5, 3, 0, 2, 5, 0, 4, 0, 3, 1, 0, 3, 0],
       [6, 2, 1, 6, 6, 3, 4, 4, 2, 0, 6, 6, 3, 5, 1, 6, 5, 2, 0, 5]]"
The Jizah Desert,,The Island of Ice,,The Gauntlet of Black Worms,The Plains of Valor,"[[2, 1, 2, 1, 6, 1, 5, 2, 5, 0, 0, 6, 6, 6, 5, 5, 6, 1, 4, 2],
       [1, 6, 5, 1, 6, 5, 4, 1, 2, 0, 2, 5, 3, 2, 0, 1, 2, 5, 2, 1],
       [2, 1, 3, 5, 6, 2, 0, 3, 1, 0, 2, 2, 2, 5, 2, 0, 3, 1, 2, 3],
       [5, 2, 6, 3, 5, 5, 0, 6, 5, 0, 2, 4, 3, 0, 3, 0, 6, 1, 4, 4],
       [0, 0, 0, 0, 0, 0, 0, 0, 0, 0, 0, 0, 0, 0, 0, 0, 0, 0, 0, 0],
       [2, 2, 0, 1, 2, 5, 5, 0, 2, 0, 6, 1, 5, 4, 5, 3, 1, 5, 1, 3],
       [6, 1, 0, 4, 6, 5, 5, 6, 5, 0, 5, 0, 6, 3, 1, 2, 2, 6, 4, 6],
       [0, 5, 5, 1, 4, 6, 5, 5, 2, 0, 5, 3, 6, 4, 1, 3, 3, 5, 1, 3],
       [2, 3, 3, 3, 0, 1, 0, 5, 1, 0, 4, 0, 1, 2, 1, 2, 5, 6, 3, 4],
       [2, 5, 3, 6, 6, 1, 5, 0, 2, 0, 3, 1, 0, 0, 5, 4, 0, 2, 2, 6]]"
The Citadel of Lord Greywulf,,The Dark Tomb of Evil,The Shadowy Fen,Pawic,,"[[2, 2, 1, 4, 4, 6, 1, 0, 3, 0, 2, 1, 6, 4, 6, 3, 3, 0, 1, 2],
       [1, 3, 6, 0, 2, 6, 4, 2, 1, 0, 2, 3, 5, 1, 3, 2, 2, 3, 2, 0],
       [6, 5, 3, 0, 4, 3, 6, 2, 2, 0, 3, 3, 4, 2, 0, 5, 5, 1, 6, 4],
       [5, 3, 4, 3, 2, 6, 0, 2, 3, 0, 2, 1, 1, 6, 3, 2, 5, 5, 1, 4],
       [0, 0, 0, 0, 0, 0, 0, 0, 0, 0, 0, 0, 0, 0, 0, 0, 0, 0, 0, 0],
       [6, 2, 0, 1, 5, 5, 1, 6, 3, 0, 3, 4, 5, 6, 1, 2, 0, 2, 1, 0],
       [6, 3, 4, 2, 5, 5, 3, 3, 2, 0, 6, 5, 4, 5, 1, 0, 1, 0, 4, 5],
       [0, 3, 0, 2, 2, 4, 2, 1, 1, 0, 1, 0, 2, 6, 1, 3, 4, 3, 5, 0],
       [6, 4, 1, 5, 0, 5, 6, 4, 6, 0, 3, 2, 3, 2, 1, 0, 6, 3, 6, 3],
       [4, 3, 3, 0, 0, 0, 5, 2, 6, 0, 0, 5, 2, 5, 4, 1, 2, 2, 4, 0]]"
The Shadowy Fen,,The Plains of Valor,The Gauntlet of Black Worms,Hagate,The Citadel of Lord Greywulf,"[[2, 6, 3, 3, 1, 3, 0, 3, 3, 0, 0, 6, 0, 1, 0, 4, 4, 5, 5, 5],
       [1, 4, 1, 3, 1, 1, 0, 2, 0, 0, 5, 0, 6, 6, 1, 2, 2, 2, 3, 5],
       [3, 0, 4, 4, 3, 2, 6, 3, 5, 0, 3, 6, 5, 6, 0, 3, 6, 5, 0, 2],
       [1, 5, 4, 6, 5, 4, 0, 6, 2, 0, 1, 5, 3, 1, 5, 3, 5, 6, 5, 6],
       [0, 0, 0, 0, 0, 0, 0, 0, 0, 0, 0, 0, 0, 0, 0, 0, 0, 0, 0, 0],
       [5, 5, 1, 4, 5, 6, 1, 4, 0, 0, 0, 6, 1, 0, 1, 2, 3, 1, 5, 1],
       [3, 2, 0, 6, 1, 3, 3, 4, 1, 0, 4, 0, 0, 0, 0, 0, 0, 0, 3, 3],
       [5, 2, 4, 5, 3, 4, 6, 5, 2, 0, 2, 2, 3, 4, 2, 5, 5, 2, 3, 3],
       [6, 6, 1, 4, 0, 4, 0, 4, 2, 0, 4, 6, 0, 0, 5, 1, 4, 5, 2, 0],
       [2, 3, 5, 5, 0, 1, 3, 4, 2, 0, 1, 0, 0, 2, 3, 0, 0, 1, 0, 6]]"
The Gauntlet of Black Worms,,The Jizah Desert,,The Rampart Hills,The Shadowy Fen,"[[4, 3, 2, 4, 6, 2, 3, 6, 1, 0, 3, 1, 5, 2, 1, 5, 3, 3, 6, 4],
       [2, 2, 5, 1, 6, 3, 1, 0, 3, 0, 1, 3, 0, 2, 3, 5, 0, 2, 1, 5],
       [3, 2, 6, 1, 3, 1, 1, 6, 1, 0, 4, 6, 1, 4, 5, 3, 4, 5, 5, 2],
       [1, 5, 0, 5, 5, 1, 3, 6, 5, 0, 0, 1, 1, 5, 0, 1, 5, 5, 6, 1],
       [0, 0, 0, 0, 0, 0, 0, 0, 0, 0, 0, 0, 0, 0, 0, 0, 0, 0, 0, 0],
       [3, 3, 5, 0, 6, 2, 2, 1, 3, 0, 3, 6, 2, 6, 0, 0, 0, 4, 5, 4],
       [3, 4, 6, 6, 2, 2, 5, 5, 0, 0, 4, 5, 0, 2, 1, 4, 4, 5, 4, 5],
       [5, 3, 1, 5, 0, 2, 2, 5, 1, 0, 0, 5, 0, 6, 1, 3, 5, 3, 0, 6],
       [3, 5, 3, 5, 2, 0, 4, 0, 5, 0, 1, 0, 5, 5, 5, 0, 2, 2, 2, 2],
       [0, 6, 1, 5, 6, 4, 6, 4, 4, 0, 6, 6, 5, 2, 2, 2, 1, 6, 5, 3]]"
Pawic,,The Citadel of Lord Greywulf,Hagate,,,"[[5, 4, 1, 0, 1, 5, 5, 2, 6, 0, 5, 2, 2, 4, 2, 3, 3, 5, 3, 1],
       [2, 2, 4, 3, 0, 4, 6, 3, 1, 0, 6, 3, 5, 1, 3, 0, 4, 5, 3, 4],
       [2, 0, 2, 0, 6, 6, 0, 4, 0, 0, 6, 6, 0, 4, 1, 3, 3, 0, 5, 3],
       [4, 2, 5, 4, 2, 3, 2, 5, 5, 0, 4, 5, 5, 5, 2, 4, 5, 1, 0, 6],
       [0, 0, 0, 0, 0, 0, 0, 0, 0, 0, 0, 0, 0, 0, 0, 0, 0, 0, 0, 0],
       [3, 3, 4, 3, 4, 5, 1, 4, 4, 0, 0, 6, 6, 3, 2, 5, 0, 3, 3, 2],
       [6, 5, 4, 6, 6, 1, 6, 1, 3, 0, 4, 0, 3, 3, 3, 0, 2, 5, 2, 3],
       [2, 0, 0, 6, 0, 2, 3, 2, 3, 0, 6, 1, 6, 5, 6, 4, 4, 3, 1, 1],
       [2, 6, 6, 3, 2, 6, 2, 4, 1, 0, 5, 2, 4, 3, 2, 6, 0, 4, 2, 3],
       [4, 4, 4, 0, 4, 3, 1, 4, 1, 0, 0, 2, 0, 5, 3, 4, 0, 4, 4, 5]]"
Hagate,,The Shadowy Fen,The Rampart Hills,,Pawic,"[[1, 0, 6, 2, 3, 3, 2, 1, 5, 0, 2, 4, 3, 0, 5, 4, 0, 4, 2, 1],
       [4, 0, 6, 0, 2, 5, 1, 3, 0, 0, 4, 5, 1, 5, 1, 6, 6, 4, 6, 0],
       [1, 0, 1, 6, 6, 2, 5, 6, 6, 0, 0, 4, 5, 0, 1, 3, 0, 4, 2, 1],
       [0, 6, 6, 4, 5, 1, 6, 2, 1, 0, 2, 1, 6, 5, 5, 6, 3, 0, 4, 4],
       [0, 0, 0, 0, 0, 0, 0, 0, 0, 0, 0, 0, 0, 0, 0, 0, 0, 0, 0, 0],
       [1, 5, 5, 2, 5, 1, 2, 6, 4, 0, 3, 3, 1, 3, 2, 6, 1, 1, 2, 3],
       [2, 6, 4, 5, 4, 6, 5, 0, 4, 0, 3, 1, 4, 1, 5, 0, 2, 6, 3, 0],
       [6, 4, 5, 0, 1, 0, 1, 3, 2, 0, 2, 6, 4, 2, 0, 3, 5, 1, 4, 1],
       [5, 4, 4, 2, 1, 6, 1, 4, 5, 0, 6, 6, 4, 0, 6, 3, 0, 0, 2, 0],
       [5, 0, 3, 1, 6, 1, 6, 6, 0, 0, 5, 4, 5, 3, 2, 6, 6, 6, 4, 1]]"
The Rampart Hills,,The Gauntlet of Black Worms,,The Risy Forest,Hagate,"[[3, 2, 1, 3, 4, 1, 2, 5, 3, 0, 4, 5, 2, 3, 0, 6, 6, 6, 0, 4],
       [5, 0, 0, 6, 1, 2, 1, 0, 6, 0, 2, 6, 2, 4, 1, 4, 6, 4, 4, 5],
       [2, 1, 6, 0, 5, 0, 0, 0, 3, 0, 3, 4, 1, 5, 0, 3, 5, 4, 6, 2],
       [2, 5, 3, 2, 4, 2, 2, 0, 2, 0, 4, 6, 2, 5, 2, 5, 0, 4, 0, 2],
       [0, 0, 0, 0, 0, 0, 0, 0, 0, 0, 0, 0, 0, 0, 0, 0, 0, 0, 0, 0],
       [0, 3, 2, 5, 2, 4, 3, 4, 2, 0, 5, 1, 1, 1, 4, 6, 0, 1, 0, 3],
       [1, 1, 0, 5, 0, 1, 6, 4, 2, 0, 2, 6, 3, 2, 3, 3, 0, 5, 6, 3],
       [0, 0, 6, 2, 4, 2, 0, 6, 0, 0, 3, 0, 3, 4, 2, 1, 4, 0, 0, 5],
       [1, 4, 0, 4, 2, 0, 6, 0, 1, 0, 5, 6, 1, 5, 0, 6, 1, 2, 6, 0],
       [1, 1, 5, 3, 3, 3, 1, 5, 0, 0, 0, 1, 4, 6, 0, 2, 0, 3, 6, 5]]"
The Cracked Cup,,,The Red Hills,The Shademoor,,"[[1, 2, 5, 2, 4, 1, 1, 5, 1, 0, 3, 2, 1, 5, 4, 3, 4, 0, 1, 5],
       [6, 5, 5, 6, 4, 0, 1, 5, 1, 0, 6, 5, 3, 1, 5, 6, 6, 5, 2, 0],
       [2, 4, 5, 2, 2, 0, 0, 5, 3, 0, 4, 4, 3, 1, 2, 5, 1, 4, 6, 2],
       [6, 2, 6, 4, 3, 1, 1, 5, 2, 0, 5, 0, 0, 3, 4, 2, 1, 0, 4, 1],
       [0, 0, 0, 0, 0, 0, 0, 0, 0, 0, 0, 0, 0, 0, 0, 0, 0, 0, 0, 0],
       [2, 0, 3, 4, 1, 6, 5, 4, 1, 0, 0, 1, 4, 0, 1, 2, 2, 5, 4, 2],
       [3, 0, 5, 6, 5, 2, 4, 4, 1, 0, 4, 2, 4, 3, 6, 6, 0, 1, 2, 5],
       [0, 2, 0, 3, 2, 6, 2, 6, 0, 0, 6, 2, 4, 5, 1, 1, 3, 0, 3, 4],
       [2, 4, 3, 2, 6, 4, 5, 0, 3, 0, 4, 5, 1, 1, 5, 5, 2, 1, 3, 4],
       [1, 4, 2, 1, 1, 1, 3, 0, 1, 0, 4, 0, 5, 1, 4, 6, 3, 1, 2, 4]]"
The Red Hills,,,The Risy Forest,,The Cracked Cup,"[[0, 4, 2, 0, 2, 0, 4, 5, 5, 0, 5, 1, 4, 4, 2, 5, 5, 0, 2, 2],
       [0, 1, 0, 5, 5, 2, 4, 6, 1, 0, 0, 1, 0, 4, 1, 2, 2, 4, 5, 6],
       [4, 1, 4, 5, 1, 0, 6, 0, 1, 0, 4, 6, 5, 0, 0, 4, 6, 6, 0, 3],
       [5, 4, 3, 1, 4, 4, 0, 3, 5, 0, 0, 1, 6, 3, 3, 0, 6, 5, 1, 4],
       [0, 0, 0, 0, 0, 0, 0, 0, 0, 0, 0, 0, 0, 0, 0, 0, 0, 0, 0, 0],
       [0, 1, 6, 4, 0, 3, 3, 3, 1, 0, 1, 2, 4, 1, 5, 6, 1, 3, 1, 5],
       [0, 0, 1, 3, 6, 1, 3, 4, 2, 0, 1, 3, 5, 0, 1, 6, 3, 0, 6, 4],
       [5, 3, 2, 2, 6, 4, 1, 5, 0, 0, 1, 6, 4, 6, 2, 1, 2, 1, 4, 5],
       [4, 4, 6, 3, 3, 2, 0, 2, 5, 0, 4, 2, 1, 3, 3, 2, 5, 3, 6, 4],
       [5, 2, 3, 1, 2, 4, 0, 6, 6, 0, 3, 6, 1, 1, 2, 0, 3, 5, 6, 5]]"
The Risy Forest,,The Rampart Hills,,The Great Crossroads of Horibyr,The Red Hills,"[[6, 3, 1, 0, 2, 0, 0, 6, 6, 0, 6, 3, 6, 3, 5, 1, 1, 2, 6, 1],
       [5, 1, 0, 0, 3, 6, 4, 6, 0, 0, 1, 0, 5, 1, 5, 2, 2, 6, 4, 4],
       [4, 3, 2, 2, 1, 4, 3, 2, 0, 0, 5, 5, 3, 0, 3, 4, 4, 2, 6, 6],
       [5, 5, 3, 6, 3, 0, 0, 6, 2, 0, 0, 5, 6, 3, 1, 1, 3, 1, 5, 0],
       [0, 0, 0, 0, 0, 0, 0, 0, 0, 0, 0, 0, 0, 0, 0, 0, 0, 0, 0, 0],
       [4, 3, 6, 0, 4, 3, 6, 1, 6, 0, 6, 6, 2, 0, 4, 0, 4, 6, 0, 3],
       [0, 4, 4, 2, 6, 2, 6, 3, 2, 0, 1, 2, 3, 6, 1, 2, 2, 3, 3, 2],
       [0, 3, 1, 6, 2, 3, 0, 5, 0, 0, 6, 1, 2, 1, 0, 2, 6, 3, 0, 6],
       [0, 5, 4, 0, 5, 0, 6, 6, 0, 0, 0, 2, 1, 2, 4, 0, 2, 1, 6, 0],
       [3, 0, 0, 5, 2, 6, 4, 1, 6, 0, 0, 3, 1, 0, 4, 2, 3, 4, 0, 5]]"
The Shademoor,,The Cracked Cup,"Teniklif, the City of Coins","Peythorp, the Dragon's Lair",,"[[5, 6, 0, 3, 2, 2, 2, 6, 4, 0, 4, 1, 4, 3, 6, 6, 1, 4, 3, 1],
       [3, 4, 6, 5, 4, 0, 2, 4, 6, 0, 5, 3, 3, 2, 2, 4, 0, 4, 4, 4],
       [5, 0, 5, 6, 6, 5, 1, 3, 2, 0, 4, 4, 4, 2, 6, 1, 5, 6, 1, 4],
       [2, 4, 1, 5, 2, 3, 3, 2, 0, 0, 6, 3, 6, 5, 0, 0, 5, 3, 0, 1],
       [0, 0, 0, 0, 0, 0, 0, 0, 0, 0, 0, 0, 0, 0, 0, 0, 0, 0, 0, 0],
       [3, 1, 0, 4, 6, 0, 5, 4, 1, 0, 2, 3, 3, 3, 0, 5, 6, 2, 3, 1],
       [3, 1, 2, 1, 6, 3, 1, 3, 3, 0, 2, 6, 0, 1, 1, 5, 5, 5, 2, 2],
       [5, 1, 2, 2, 3, 1, 2, 4, 4, 0, 3, 2, 3, 3, 1, 3, 2, 1, 6, 6],
       [5, 3, 2, 3, 2, 0, 4, 0, 4, 0, 6, 1, 4, 1, 0, 2, 1, 1, 6, 0],
       [1, 2, 6, 1, 6, 4, 4, 6, 4, 0, 6, 1, 2, 4, 5, 3, 4, 0, 1, 3]]"
"Teniklif, the City of Coins",,,The Great Crossroads of Horibyr,The Scoundrel's Pub,The Shademoor,"[[5, 0, 4, 4, 5, 5, 2, 4, 3, 0, 3, 0, 3, 2, 3, 6, 0, 3, 3, 6],
       [4, 4, 5, 6, 2, 2, 4, 5, 5, 0, 3, 2, 2, 4, 1, 3, 6, 2, 4, 1],
       [0, 1, 0, 1, 0, 1, 2, 2, 3, 0, 0, 3, 5, 2, 2, 4, 3, 4, 0, 2],
       [3, 5, 6, 2, 3, 6, 1, 0, 6, 0, 5, 1, 5, 5, 2, 4, 3, 6, 2, 4],
       [0, 0, 0, 0, 0, 0, 0, 0, 0, 0, 0, 0, 0, 0, 0, 0, 0, 0, 0, 0],
       [6, 4, 1, 1, 2, 6, 4, 5, 4, 0, 0, 2, 4, 3, 0, 4, 0, 6, 2, 2],
       [2, 4, 3, 2, 5, 4, 3, 2, 1, 0, 1, 0, 3, 1, 6, 1, 6, 3, 1, 3],
       [5, 0, 0, 1, 2, 0, 2, 2, 4, 0, 4, 3, 5, 3, 5, 5, 1, 5, 2, 0],
       [5, 2, 5, 5, 3, 1, 5, 4, 1, 0, 2, 2, 4, 2, 6, 0, 4, 3, 4, 1],
       [2, 5, 2, 2, 2, 5, 1, 2, 1, 0, 3, 5, 1, 4, 2, 6, 0, 3, 2, 4]]"
The Great Crossroads of Horibyr,,The Risy Forest,,The Gypsy's Pub,"Teniklif, the City of Coins","[[5, 5, 3, 2, 2, 5, 5, 2, 3, 0, 3, 0, 1, 3, 3, 4, 2, 0, 4, 3],
       [4, 5, 1, 1, 4, 1, 5, 4, 4, 0, 2, 4, 5, 6, 0, 6, 3, 6, 2, 0],
       [5, 4, 5, 3, 2, 0, 0, 0, 2, 0, 2, 5, 5, 4, 0, 2, 2, 0, 1, 4],
       [0, 6, 2, 3, 2, 0, 0, 3, 1, 0, 3, 6, 3, 1, 2, 6, 2, 3, 2, 0],
       [0, 0, 0, 0, 0, 0, 0, 0, 0, 0, 0, 0, 0, 0, 0, 0, 0, 0, 0, 0],
       [3, 2, 1, 0, 6, 2, 3, 6, 6, 0, 2, 4, 0, 1, 6, 6, 2, 3, 4, 1],
       [2, 5, 6, 3, 0, 5, 2, 1, 6, 0, 1, 6, 5, 1, 5, 5, 6, 0, 6, 4],
       [3, 5, 1, 4, 4, 5, 6, 4, 4, 0, 0, 4, 3, 2, 2, 1, 6, 3, 3, 3],
       [2, 1, 5, 4, 0, 2, 1, 3, 2, 0, 2, 6, 4, 0, 5, 2, 4, 3, 0, 1],
       [4, 4, 5, 5, 3, 2, 2, 0, 0, 0, 2, 1, 2, 3, 2, 4, 0, 5, 2, 3]]"
"Peythorp, the Dragon's Lair",,The Shademoor,The Scoundrel's Pub,The Black Steppe,,"[[3, 3, 2, 2, 3, 0, 2, 3, 0, 0, 4, 3, 4, 0, 3, 5, 0, 0, 4, 1],
       [4, 4, 3, 4, 3, 6, 5, 2, 6, 0, 5, 4, 4, 0, 0, 1, 4, 1, 4, 2],
       [1, 5, 5, 1, 0, 3, 3, 6, 4, 0, 0, 5, 0, 2, 1, 6, 1, 6, 4, 5],
       [6, 5, 5, 2, 2, 6, 5, 5, 2, 0, 1, 4, 3, 1, 3, 4, 3, 4, 2, 0],
       [0, 0, 0, 0, 0, 0, 0, 0, 0, 0, 0, 0, 0, 0, 0, 0, 0, 0, 0, 0],
       [3, 5, 1, 6, 0, 6, 3, 1, 3, 0, 1, 5, 1, 0, 2, 5, 6, 1, 1, 3],
       [3, 2, 5, 1, 5, 0, 4, 0, 5, 0, 5, 0, 4, 0, 4, 3, 6, 3, 1, 6],
       [4, 5, 1, 4, 6, 5, 6, 5, 5, 0, 3, 3, 5, 0, 2, 3, 1, 4, 3, 2],
       [1, 2, 2, 6, 1, 1, 1, 5, 1, 0, 1, 4, 2, 2, 2, 6, 0, 3, 3, 6],
       [1, 2, 3, 5, 6, 0, 6, 3, 0, 0, 0, 1, 4, 1, 2, 2, 6, 6, 0, 1]]"
The Scoundrel's Pub,,"Teniklif, the City of Coins",The Gypsy's Pub,The Cock's Meadhall,"Peythorp, the Dragon's Lair","[[5, 0, 5, 2, 0, 1, 4, 4, 3, 0, 2, 1, 4, 2, 3, 5, 3, 5, 5, 1],
       [5, 1, 1, 4, 0, 3, 6, 6, 4, 0, 2, 1, 6, 1, 3, 3, 1, 1, 4, 6],
       [2, 0, 2, 6, 5, 0, 2, 3, 3, 0, 4, 6, 1, 1, 0, 0, 4, 0, 0, 3],
       [2, 5, 1, 2, 3, 4, 4, 1, 4, 0, 1, 1, 0, 3, 4, 6, 0, 1, 1, 4],
       [0, 0, 0, 0, 0, 0, 0, 0, 0, 0, 0, 0, 0, 0, 0, 0, 0, 0, 0, 0],
       [3, 2, 5, 4, 6, 6, 3, 1, 3, 0, 6, 4, 1, 5, 5, 4, 5, 4, 3, 2],
       [6, 0, 4, 5, 2, 4, 0, 1, 3, 0, 3, 3, 2, 6, 3, 5, 5, 5, 1, 4],
       [2, 2, 1, 1, 0, 2, 4, 5, 1, 0, 3, 2, 6, 3, 5, 2, 1, 1, 4, 4],
       [6, 3, 2, 6, 2, 0, 3, 3, 0, 0, 4, 0, 0, 0, 4, 0, 1, 5, 6, 2],
       [6, 3, 1, 6, 3, 2, 5, 5, 1, 0, 3, 0, 3, 1, 1, 6, 3, 3, 3, 1]]"
The Gypsy's Pub,,The Great Crossroads of Horibyr,,The Dungeon of Nusadi the Gruesome,The Scoundrel's Pub,"[[2, 0, 5, 1, 0, 1, 4, 5, 4, 0, 5, 2, 1, 6, 1, 5, 4, 3, 6, 6],
       [0, 1, 6, 4, 2, 5, 3, 3, 6, 0, 2, 3, 4, 4, 3, 4, 4, 2, 6, 0],
       [5, 1, 6, 5, 2, 2, 0, 6, 0, 0, 5, 2, 5, 1, 4, 1, 1, 4, 5, 0],
       [1, 6, 0, 0, 6, 6, 2, 5, 0, 0, 2, 6, 2, 0, 5, 1, 6, 0, 6, 0],
       [0, 0, 0, 0, 0, 0, 0, 0, 0, 0, 0, 0, 0, 0, 0, 0, 0, 0, 0, 0],
       [3, 4, 4, 5, 2, 0, 3, 5, 1, 0, 4, 1, 6, 0, 4, 2, 3, 1, 3, 2],
       [0, 4, 5, 0, 0, 0, 3, 5, 2, 0, 6, 5, 0, 2, 4, 3, 4, 1, 2, 3],
       [4, 3, 4, 1, 2, 4, 3, 0, 4, 0, 1, 5, 3, 3, 1, 4, 6, 4, 3, 0],
       [1, 6, 2, 3, 2, 0, 6, 2, 6, 0, 2, 3, 3, 0, 2, 6, 0, 4, 5, 6],
       [3, 4, 0, 1, 5, 5, 0, 3, 4, 0, 6, 3, 4, 6, 5, 5, 2, 1, 6, 1]]"
The Black Steppe,,"Peythorp, the Dragon's Lair",The Cock's Meadhall,The Triumphant Gypsy,,"[[3, 0, 3, 4, 5, 4, 1, 2, 4, 0, 0, 0, 5, 5, 2, 0, 2, 2, 3, 6],
       [3, 6, 2, 3, 2, 4, 0, 5, 0, 0, 6, 5, 5, 3, 0, 2, 1, 0, 5, 1],
       [1, 6, 6, 0, 6, 4, 4, 2, 2, 0, 5, 3, 0, 4, 6, 5, 1, 4, 3, 3],
       [4, 1, 1, 6, 5, 3, 3, 0, 6, 0, 5, 1, 1, 3, 2, 5, 4, 2, 3, 4],
       [0, 0, 0, 0, 0, 0, 0, 0, 0, 0, 0, 0, 0, 0, 0, 0, 0, 0, 0, 0],
       [5, 1, 2, 1, 2, 5, 5, 6, 5, 0, 0, 6, 1, 3, 3, 0, 4, 6, 5, 5],
       [4, 2, 4, 1, 2, 4, 2, 2, 6, 0, 0, 2, 5, 2, 1, 5, 2, 1, 0, 1],
       [6, 4, 6, 6, 3, 0, 5, 6, 0, 0, 2, 1, 2, 3, 6, 3, 5, 2, 0, 5],
       [2, 3, 6, 3, 6, 3, 1, 1, 4, 0, 3, 1, 4, 6, 5, 5, 4, 2, 2, 2],
       [1, 4, 0, 5, 1, 3, 4, 1, 1, 0, 2, 6, 1, 4, 3, 0, 6, 5, 1, 1]]"
The Cock's Meadhall,,The Scoundrel's Pub,The Dungeon of Nusadi the Gruesome,Mestead,The Black Steppe,"[[4, 2, 2, 6, 2, 1, 5, 3, 3, 0, 6, 1, 2, 1, 2, 5, 5, 1, 3, 1],
       [6, 0, 3, 6, 1, 1, 5, 2, 2, 0, 0, 2, 3, 3, 5, 6, 4, 0, 4, 4],
       [6, 5, 2, 5, 5, 5, 2, 0, 5, 0, 0, 6, 6, 1, 5, 5, 1, 1, 5, 4],
       [2, 5, 0, 3, 4, 1, 1, 1, 6, 0, 1, 4, 4, 1, 2, 3, 1, 5, 4, 5],
       [0, 0, 0, 0, 0, 0, 0, 0, 0, 0, 0, 0, 0, 0, 0, 0, 0, 0, 0, 0],
       [0, 0, 1, 1, 3, 2, 0, 5, 2, 0, 5, 1, 4, 4, 1, 0, 6, 1, 3, 4],
       [3, 5, 2, 0, 1, 4, 3, 0, 2, 0, 2, 4, 6, 0, 5, 4, 2, 5, 4, 1],
       [1, 6, 2, 5, 3, 0, 1, 5, 1, 0, 5, 3, 6, 1, 1, 3, 6, 1, 6, 4],
       [2, 1, 1, 1, 4, 4, 1, 5, 4, 0, 4, 0, 2, 0, 6, 0, 1, 4, 1, 6],
       [3, 2, 3, 2, 6, 3, 1, 4, 0, 0, 6, 6, 3, 2, 2, 1, 1, 5, 2, 1]]"
The Dungeon of Nusadi the Gruesome,,The Gypsy's Pub,,The Crossed Blades,The Cock's Meadhall,"[[0, 2, 6, 6, 0, 1, 0, 3, 5, 0, 6, 6, 4, 4, 1, 6, 4, 4, 0, 5],
       [1, 6, 3, 0, 2, 1, 0, 5, 2, 0, 2, 5, 5, 0, 2, 6, 5, 1, 2, 2],
       [0, 1, 4, 5, 2, 0, 2, 6, 5, 0, 6, 2, 5, 3, 3, 2, 5, 2, 6, 3],
       [4, 3, 3, 1, 0, 3, 4, 2, 1, 0, 5, 4, 5, 3, 3, 6, 1, 3, 1, 2],
       [0, 0, 0, 0, 0, 0, 0, 0, 0, 0, 0, 0, 0, 0, 0, 0, 0, 0, 0, 0],
       [6, 4, 5, 1, 1, 5, 5, 4, 5, 0, 2, 1, 3, 3, 3, 5, 6, 4, 2, 1],
       [6, 1, 1, 3, 2, 5, 0, 5, 4, 0, 5, 5, 2, 0, 0, 1, 6, 5, 5, 2],
       [2, 2, 5, 5, 1, 1, 1, 0, 5, 0, 3, 5, 1, 4, 6, 3, 0, 4, 1, 5],
       [1, 0, 0, 0, 6, 5, 1, 1, 2, 0, 4, 6, 2, 3, 1, 0, 0, 1, 3, 4],
       [0, 4, 2, 3, 6, 6, 2, 4, 4, 0, 2, 4, 3, 0, 0, 1, 2, 5, 6, 2]]"
The Triumphant Gypsy,,The Black Steppe,Mestead,The Penca Vale,,"[[0, 4, 0, 5, 6, 1, 5, 3, 1, 0, 6, 0, 6, 3, 6, 5, 1, 4, 3, 0],
       [4, 2, 2, 4, 0, 5, 6, 1, 0, 0, 5, 2, 4, 2, 6, 6, 4, 3, 6, 6],
       [5, 5, 2, 6, 5, 5, 6, 5, 1, 0, 4, 5, 6, 5, 6, 4, 1, 3, 0, 1],
       [0, 3, 2, 0, 4, 6, 0, 6, 0, 0, 2, 5, 2, 4, 3, 0, 5, 3, 2, 3],
       [0, 0, 0, 0, 0, 0, 0, 0, 0, 0, 0, 0, 0, 0, 0, 0, 0, 0, 0, 0],
       [0, 4, 1, 3, 6, 4, 5, 6, 1, 0, 1, 4, 2, 4, 6, 6, 5, 3, 3, 1],
       [6, 6, 2, 3, 4, 2, 2, 5, 3, 0, 4, 0, 1, 6, 3, 5, 3, 6, 3, 4],
       [3, 1, 2, 5, 3, 2, 0, 6, 2, 0, 2, 6, 5, 3, 0, 2, 3, 2, 4, 5],
       [3, 4, 5, 6, 1, 1, 3, 6, 5, 0, 6, 5, 2, 5, 2, 2, 0, 2, 0, 1],
       [1, 4, 6, 6, 0, 5, 3, 4, 5, 0, 2, 1, 0, 1, 6, 1, 2, 4, 2, 0]]"
Mestead,,The Cock's Meadhall,The Crossed Blades,The Exalted City of Wowold,The Triumphant Gypsy,"[[0, 2, 3, 5, 4, 5, 1, 6, 4, 0, 5, 2, 0, 3, 0, 3, 6, 0, 1, 1],
       [6, 0, 5, 3, 5, 2, 3, 3, 5, 0, 6, 4, 6, 6, 5, 6, 1, 2, 2, 4],
       [3, 2, 2, 3, 3, 6, 2, 3, 2, 0, 2, 4, 2, 0, 1, 3, 0, 5, 6, 0],
       [2, 1, 2, 6, 3, 5, 6, 2, 2, 0, 2, 5, 5, 3, 3, 3, 0, 6, 4, 1],
       [0, 0, 0, 0, 0, 0, 0, 0, 0, 0, 0, 0, 0, 0, 0, 0, 0, 0, 0, 0],
       [3, 1, 1, 5, 6, 5, 2, 0, 2, 0, 0, 3, 0, 2, 3, 6, 0, 4, 3, 5],
       [2, 2, 0, 4, 4, 1, 1, 3, 6, 0, 1, 2, 5, 5, 4, 0, 1, 4, 1, 1],
       [5, 5, 3, 6, 1, 1, 2, 2, 1, 0, 4, 0, 3, 2, 0, 2, 6, 4, 5, 2],
       [0, 4, 4, 2, 5, 0, 1, 1, 4, 0, 2, 3, 6, 4, 6, 4, 1, 3, 1, 4],
       [4, 6, 6, 0, 5, 4, 2, 5, 1, 0, 5, 1, 4, 5, 6, 1, 1, 6, 2, 4]]"
The Crossed Blades,,The Dungeon of Nusadi the Gruesome,,Jorde Tower,Mestead,"[[3, 4, 5, 1, 0, 5, 4, 6, 0, 0, 4, 2, 0, 5, 5, 0, 3, 6, 5, 2],
       [0, 2, 0, 4, 5, 2, 1, 1, 4, 0, 3, 5, 3, 6, 4, 3, 3, 6, 3, 6],
       [1, 5, 1, 0, 5, 2, 4, 3, 5, 0, 2, 1, 6, 1, 2, 5, 3, 0, 4, 5],
       [6, 5, 4, 6, 1, 5, 2, 6, 3, 0, 2, 2, 0, 2, 3, 6, 6, 6, 4, 1],
       [0, 0, 0, 0, 0, 0, 0, 0, 0, 0, 0, 0, 0, 0, 0, 0, 0, 0, 0, 0],
       [2, 2, 1, 4, 5, 1, 3, 0, 2, 0, 1, 3, 6, 2, 4, 6, 2, 0, 0, 3],
       [3, 6, 2, 4, 0, 3, 2, 4, 0, 0, 3, 1, 3, 1, 5, 1, 5, 0, 4, 0],
       [6, 5, 2, 6, 4, 2, 1, 6, 4, 0, 4, 5, 2, 2, 1, 3, 1, 3, 0, 1],
       [0, 0, 4, 6, 1, 6, 6, 4, 3, 0, 5, 0, 2, 1, 4, 4, 6, 5, 4, 4],
       [3, 5, 3, 4, 5, 3, 2, 5, 5, 0, 1, 2, 0, 2, 1, 3, 4, 3, 5, 3]]"
The Penca Vale,,The Triumphant Gypsy,The Exalted City of Wowold,The Tower of Byzu,,"[[4, 3, 0, 0, 2, 2, 4, 1, 4, 0, 2, 4, 5, 1, 2, 5, 5, 5, 0, 3],
       [5, 4, 1, 0, 6, 2, 0, 3, 5, 0, 1, 0, 4, 0, 1, 3, 5, 4, 5, 0],
       [1, 4, 4, 2, 6, 5, 4, 5, 6, 0, 6, 4, 5, 6, 4, 4, 6, 4, 6, 4],
       [0, 2, 5, 1, 3, 3, 4, 2, 1, 0, 5, 2, 3, 1, 2, 0, 2, 1, 1, 5],
       [0, 0, 0, 0, 0, 0, 0, 0, 0, 0, 0, 0, 0, 0, 0, 0, 0, 0, 0, 0],
       [1, 1, 2, 6, 1, 2, 1, 4, 0, 0, 2, 5, 6, 4, 3, 1, 3, 0, 1, 4],
       [3, 4, 5, 3, 6, 6, 5, 0, 2, 0, 3, 0, 6, 2, 5, 4, 2, 6, 6, 5],
       [0, 0, 1, 2, 3, 3, 5, 0, 6, 0, 6, 5, 0, 2, 1, 1, 5, 3, 0, 6],
       [1, 1, 3, 6, 6, 3, 3, 1, 4, 0, 0, 0, 5, 0, 0, 5, 6, 1, 3, 6],
       [6, 6, 4, 2, 1, 6, 4, 6, 4, 0, 3, 4, 2, 2, 3, 5, 6, 6, 4, 5]]"
The Exalted City of Wowold,,Mestead,Jorde Tower,The Fortress of Carica,The Penca Vale,"[[4, 1, 2, 6, 5, 5, 1, 5, 4, 0, 2, 3, 0, 3, 1, 5, 0, 2, 2, 4],
       [1, 6, 4, 3, 6, 0, 0, 5, 1, 0, 3, 3, 4, 1, 1, 4, 2, 6, 6, 5],
       [5, 3, 2, 3, 0, 0, 6, 2, 3, 0, 5, 3, 5, 4, 6, 6, 6, 3, 4, 6],
       [5, 3, 3, 5, 2, 0, 3, 0, 5, 0, 5, 5, 0, 3, 1, 3, 3, 6, 6, 2],
       [0, 0, 0, 0, 0, 0, 0, 0, 0, 0, 0, 0, 0, 0, 0, 0, 0, 0, 0, 0],
       [3, 4, 1, 5, 6, 1, 4, 1, 5, 0, 4, 6, 4, 1, 2, 1, 0, 5, 1, 0],
       [3, 2, 3, 6, 5, 2, 4, 6, 4, 0, 6, 4, 6, 4, 3, 3, 0, 1, 0, 1],
       [5, 6, 0, 0, 1, 0, 5, 6, 2, 0, 3, 3, 1, 3, 5, 1, 5, 4, 0, 3],
       [0, 3, 3, 5, 2, 6, 4, 5, 2, 0, 1, 1, 3, 5, 1, 0, 4, 2, 4, 3],
       [5, 6, 4, 1, 1, 6, 6, 5, 4, 0, 6, 2, 3, 1, 5, 5, 4, 5, 4, 6]]"
Jorde Tower,,The Crossed Blades,,Herithorp,The Exalted City of Wowold,"[[2, 3, 4, 1, 2, 4, 0, 6, 6, 0, 2, 0, 4, 6, 0, 3, 5, 1, 0, 2],
       [1, 1, 1, 4, 0, 0, 1, 2, 6, 0, 0, 6, 6, 2, 4, 0, 3, 1, 6, 3],
       [4, 6, 0, 0, 4, 4, 6, 5, 6, 0, 1, 0, 3, 1, 3, 6, 1, 3, 1, 1],
       [0, 1, 6, 1, 4, 1, 2, 5, 1, 0, 5, 6, 6, 4, 2, 2, 3, 1, 3, 6],
       [0, 0, 0, 0, 0, 0, 0, 0, 0, 0, 0, 0, 0, 0, 0, 0, 0, 0, 0, 0],
       [2, 0, 0, 5, 3, 1, 2, 4, 1, 0, 5, 2, 1, 2, 5, 3, 4, 4, 1, 5],
       [4, 6, 2, 1, 0, 2, 4, 4, 5, 0, 4, 5, 3, 5, 6, 1, 0, 5, 3, 0],
       [2, 1, 5, 6, 3, 2, 0, 6, 4, 0, 6, 3, 1, 5, 3, 1, 6, 3, 6, 5],
       [4, 3, 1, 6, 6, 5, 1, 1, 4, 0, 6, 4, 2, 2, 2, 0, 4, 3, 0, 0],
       [1, 3, 6, 6, 3, 6, 4, 2, 3, 0, 5, 3, 0, 3, 3, 1, 3, 0, 5, 3]]"
The Tower of Byzu,,The Penca Vale,The Fortress of Carica,The Lost Barrow of Shiva the Destroyer,,"[[1, 2, 5, 0, 4, 3, 1, 3, 5, 0, 0, 5, 0, 0, 6, 6, 5, 2, 1, 2],
       [6, 3, 4, 0, 4, 4, 3, 4, 3, 0, 4, 6, 2, 4, 1, 5, 1, 3, 1, 4],
       [6, 5, 6, 4, 2, 1, 5, 4, 5, 0, 5, 6, 3, 3, 2, 3, 5, 2, 6, 4],
       [2, 4, 5, 0, 2, 0, 0, 2, 2, 0, 6, 4, 3, 5, 3, 2, 6, 6, 4, 5],
       [0, 0, 0, 0, 0, 0, 0, 0, 0, 0, 0, 0, 0, 0, 0, 0, 0, 0, 0, 0],
       [5, 5, 1, 3, 5, 4, 1, 5, 6, 0, 0, 2, 2, 3, 5, 2, 5, 4, 6, 3],
       [3, 1, 3, 1, 1, 1, 3, 2, 2, 0, 6, 6, 0, 0, 2, 0, 4, 1, 2, 3],
       [1, 3, 1, 4, 2, 4, 1, 6, 4, 0, 0, 6, 5, 4, 3, 4, 0, 1, 3, 6],
       [0, 2, 5, 6, 5, 6, 5, 0, 3, 0, 2, 3, 0, 5, 3, 6, 5, 2, 3, 0],
       [3, 0, 6, 6, 0, 5, 5, 4, 5, 0, 2, 1, 5, 3, 0, 2, 5, 5, 2, 1]]"
The Fortress of Carica,,The Exalted City of Wowold,Herithorp,The Red Cask,The Tower of Byzu,"[[0, 6, 3, 0, 2, 5, 2, 1, 4, 0, 0, 2, 6, 4, 0, 5, 3, 1, 4, 1],
       [2, 6, 1, 3, 3, 5, 0, 5, 0, 0, 4, 0, 5, 3, 1, 5, 4, 6, 4, 4],
       [5, 2, 1, 2, 3, 2, 3, 3, 4, 0, 3, 2, 1, 3, 2, 4, 6, 4, 2, 3],
       [2, 4, 3, 0, 6, 4, 6, 2, 0, 0, 2, 2, 2, 6, 3, 1, 4, 2, 2, 0],
       [0, 0, 0, 0, 0, 0, 0, 0, 0, 0, 0, 0, 0, 0, 0, 0, 0, 0, 0, 0],
       [0, 2, 6, 1, 2, 5, 6, 6, 6, 0, 4, 4, 6, 1, 5, 0, 0, 1, 2, 0],
       [6, 1, 0, 0, 3, 6, 0, 4, 1, 0, 3, 4, 1, 0, 4, 2, 5, 6, 5, 4],
       [0, 0, 2, 3, 5, 3, 3, 6, 1, 0, 4, 6, 4, 3, 2, 2, 5, 6, 0, 3],
       [2, 6, 0, 0, 1, 0, 1, 5, 4, 0, 3, 5, 5, 1, 6, 3, 6, 3, 1, 4],
       [1, 1, 0, 3, 2, 6, 0, 4, 0, 0, 3, 2, 2, 3, 3, 6, 1, 6, 0, 1]]"
Herithorp,,Jorde Tower,,The Ariz Plains,The Fortress of Carica,"[[0, 4, 1, 5, 4, 4, 0, 2, 2, 0, 6, 3, 1, 0, 0, 4, 4, 1, 4, 2],
       [2, 6, 0, 2, 6, 5, 6, 3, 6, 0, 5, 4, 0, 4, 3, 1, 2, 2, 4, 4],
       [0, 0, 4, 5, 1, 2, 2, 3, 2, 0, 5, 3, 2, 3, 3, 6, 5, 1, 5, 0],
       [5, 0, 3, 1, 2, 0, 1, 2, 0, 0, 3, 4, 2, 6, 1, 3, 3, 0, 4, 3],
       [0, 0, 0, 0, 0, 0, 0, 0, 0, 0, 0, 0, 0, 0, 0, 0, 0, 0, 0, 0],
       [0, 4, 3, 2, 6, 6, 6, 1, 2, 0, 6, 2, 6, 6, 4, 6, 4, 5, 4, 6],
       [3, 1, 5, 2, 2, 5, 6, 0, 2, 0, 6, 6, 2, 0, 5, 1, 3, 4, 3, 4],
       [5, 2, 1, 5, 5, 0, 3, 0, 0, 0, 3, 3, 2, 0, 5, 3, 4, 3, 5, 0],
       [4, 2, 4, 0, 3, 4, 5, 5, 1, 0, 6, 5, 0, 5, 3, 3, 4, 0, 4, 0],
       [6, 0, 4, 5, 2, 1, 4, 3, 6, 0, 0, 0, 1, 4, 3, 0, 2, 2, 1, 6]]"
The Lost Barrow of Shiva the Destroyer,,The Tower of Byzu,The Red Cask,The Frostfell March,,"[[3, 3, 0, 5, 4, 1, 4, 3, 3, 0, 1, 1, 6, 3, 3, 6, 1, 1, 6, 0],
       [6, 0, 4, 5, 0, 5, 4, 6, 6, 0, 0, 3, 1, 0, 4, 2, 5, 0, 4, 4],
       [2, 6, 5, 4, 5, 2, 3, 6, 3, 0, 1, 6, 6, 0, 1, 3, 5, 0, 2, 5],
       [6, 2, 3, 4, 4, 5, 2, 2, 0, 0, 1, 5, 1, 3, 0, 5, 6, 1, 3, 2],
       [0, 0, 0, 0, 0, 0, 0, 0, 0, 0, 0, 0, 0, 0, 0, 0, 0, 0, 0, 0],
       [6, 6, 1, 2, 3, 0, 5, 0, 2, 0, 6, 4, 6, 1, 2, 4, 0, 2, 6, 6],
       [5, 5, 3, 3, 1, 0, 1, 3, 0, 0, 0, 4, 1, 2, 6, 3, 2, 1, 3, 3],
       [3, 2, 5, 1, 4, 0, 0, 1, 2, 0, 4, 2, 5, 3, 0, 4, 3, 5, 2, 3],
       [4, 0, 0, 1, 4, 3, 3, 4, 4, 0, 6, 4, 4, 2, 3, 2, 1, 1, 6, 1],
       [2, 0, 0, 4, 1, 6, 3, 2, 6, 0, 1, 4, 4, 6, 6, 3, 1, 1, 6, 0]]"
The Red Cask,,The Fortress of Carica,The Ariz Plains,Nargatharbh,The Lost Barrow of Shiva the Destroyer,"[[4, 5, 6, 3, 6, 4, 6, 5, 5, 0, 0, 4, 4, 1, 3, 6, 4, 6, 4, 4],
       [2, 5, 5, 2, 5, 1, 4, 1, 3, 0, 6, 5, 2, 4, 0, 4, 5, 0, 5, 1],
       [5, 2, 5, 3, 2, 5, 6, 4, 4, 0, 1, 2, 1, 5, 3, 3, 1, 0, 6, 5],
       [6, 0, 6, 5, 5, 4, 6, 6, 2, 0, 2, 6, 0, 0, 3, 6, 2, 3, 2, 6],
       [0, 0, 0, 0, 0, 0, 0, 0, 0, 0, 0, 0, 0, 0, 0, 0, 0, 0, 0, 0],
       [5, 5, 2, 2, 5, 3, 4, 3, 6, 0, 3, 1, 0, 6, 4, 6, 4, 1, 5, 5],
       [6, 3, 3, 2, 0, 4, 0, 6, 2, 0, 3, 1, 5, 6, 4, 0, 5, 5, 5, 1],
       [4, 5, 4, 5, 6, 0, 5, 6, 2, 0, 2, 1, 0, 0, 3, 4, 6, 3, 3, 2],
       [6, 4, 0, 6, 1, 6, 1, 2, 0, 0, 1, 1, 1, 1, 1, 3, 1, 0, 6, 0],
       [3, 2, 3, 5, 2, 6, 2, 2, 3, 0, 5, 2, 3, 6, 1, 1, 2, 2, 6, 5]]"
The Ariz Plains,,Herithorp,,The Forsaken Pit of Agon the Terrible,The Red Cask,"[[2, 4, 0, 0, 5, 0, 0, 2, 6, 0, 0, 3, 5, 5, 3, 1, 6, 6, 4, 5],
       [1, 4, 6, 5, 6, 5, 3, 1, 2, 0, 0, 6, 6, 6, 6, 1, 4, 6, 5, 3],
       [1, 6, 3, 1, 6, 5, 1, 4, 6, 0, 0, 2, 4, 5, 5, 6, 6, 5, 1, 6],
       [6, 0, 4, 6, 2, 4, 6, 3, 3, 0, 5, 4, 3, 0, 1, 4, 6, 5, 3, 5],
       [0, 0, 0, 0, 0, 0, 0, 0, 0, 0, 0, 0, 0, 0, 0, 0, 0, 0, 0, 0],
       [1, 3, 1, 0, 2, 5, 6, 5, 1, 0, 1, 6, 3, 3, 4, 4, 2, 0, 2, 0],
       [6, 0, 2, 5, 6, 6, 0, 3, 2, 0, 4, 0, 3, 0, 4, 2, 5, 6, 6, 3],
       [3, 3, 0, 2, 4, 0, 3, 1, 2, 0, 5, 6, 6, 4, 5, 4, 0, 4, 2, 6],
       [0, 3, 3, 6, 0, 6, 3, 6, 0, 0, 2, 1, 3, 5, 3, 3, 4, 5, 0, 4],
       [6, 2, 1, 4, 4, 2, 2, 0, 3, 0, 4, 1, 1, 0, 1, 2, 1, 2, 3, 4]]"
The Frostfell March,,The Lost Barrow of Shiva the Destroyer,Nargatharbh,The Forsaken Catacombs of Hana the Awesome,," [[3, 0, 1, 4, 5, 0, 2, 2, 6, 0, 0, 5, 3, 5, 4, 4, 5, 2, 3, 1],
       [2, 1, 6, 3, 2, 2, 6, 3, 6, 0, 4, 6, 1, 5, 1, 5, 6, 2, 3, 6],
       [3, 5, 1, 6, 1, 5, 5, 2, 6, 0, 4, 1, 1, 6, 0, 1, 6, 2, 5, 5],
       [2, 3, 2, 4, 1, 2, 5, 3, 3, 0, 5, 1, 4, 1, 6, 0, 1, 3, 3, 3],
       [0, 0, 0, 0, 0, 0, 0, 0, 0, 0, 0, 0, 0, 0, 0, 0, 0, 0, 0, 0],
       [0, 1, 4, 2, 1, 2, 0, 4, 3, 0, 1, 4, 4, 3, 5, 3, 0, 3, 0, 3],
       [0, 4, 5, 3, 6, 4, 0, 6, 1, 0, 5, 0, 2, 6, 1, 1, 6, 5, 5, 2],
       [4, 5, 0, 3, 4, 6, 0, 3, 4, 0, 5, 3, 4, 0, 4, 3, 6, 3, 2, 4],
       [4, 4, 5, 1, 1, 1, 1, 1, 4, 0, 3, 3, 6, 5, 1, 2, 2, 0, 1, 4],
       [1, 0, 6, 6, 6, 0, 0, 1, 4, 0, 1, 2, 6, 4, 3, 2, 3, 6, 2, 4]]"
Nargatharbh,,The Red Cask,The Forsaken Pit of Agon the Terrible,The Black Waste,The Frostfell March,"[[4, 4, 5, 4, 4, 6, 5, 0, 2, 0, 6, 1, 0, 3, 6, 1, 4, 6, 2, 3],
       [6, 0, 0, 2, 1, 3, 4, 3, 1, 0, 4, 2, 1, 4, 4, 4, 2, 3, 0, 6],
       [2, 6, 5, 6, 0, 1, 4, 6, 3, 0, 0, 0, 5, 2, 5, 3, 0, 3, 4, 5],
       [0, 2, 5, 5, 3, 1, 6, 2, 2, 0, 6, 6, 0, 5, 5, 5, 3, 4, 3, 3],
       [0, 0, 0, 0, 0, 0, 0, 0, 0, 0, 0, 0, 0, 0, 0, 0, 0, 0, 0, 0],
       [0, 3, 6, 6, 4, 6, 1, 6, 5, 0, 1, 3, 2, 3, 2, 2, 3, 6, 1, 5],
       [4, 5, 3, 3, 6, 6, 3, 5, 2, 0, 4, 1, 0, 6, 2, 2, 5, 0, 0, 3],
       [1, 4, 6, 5, 6, 0, 1, 1, 5, 0, 5, 6, 6, 1, 0, 2, 5, 4, 6, 3],
       [1, 1, 0, 0, 4, 1, 0, 1, 3, 0, 6, 1, 4, 4, 5, 5, 6, 1, 4, 6],
       [1, 0, 5, 6, 1, 6, 0, 4, 2, 0, 3, 0, 3, 2, 4, 5, 0, 6, 6, 6]]"
The Forsaken Pit of Agon the Terrible,,The Ariz Plains,,The Majestic Citadel of Gilgezi,Nargatharbh,"[[3, 2, 1, 6, 1, 5, 4, 3, 4, 0, 3, 5, 2, 2, 2, 0, 0, 0, 2, 4],
       [3, 0, 2, 5, 2, 2, 3, 6, 5, 0, 3, 3, 5, 0, 2, 1, 5, 2, 2, 0],
       [4, 1, 5, 3, 1, 6, 6, 4, 0, 0, 5, 2, 4, 4, 5, 5, 1, 5, 5, 4],
       [5, 5, 2, 5, 2, 2, 5, 2, 5, 0, 2, 4, 5, 0, 3, 6, 0, 3, 5, 4],
       [0, 0, 0, 0, 0, 0, 0, 0, 0, 0, 0, 0, 0, 0, 0, 0, 0, 0, 0, 0],
       [0, 3, 6, 4, 4, 0, 0, 3, 4, 0, 5, 3, 3, 1, 5, 3, 2, 4, 4, 1],
       [2, 3, 1, 0, 4, 0, 0, 4, 0, 0, 5, 5, 5, 1, 2, 6, 0, 6, 0, 0],
       [6, 4, 3, 5, 6, 3, 3, 3, 5, 0, 5, 0, 1, 6, 6, 4, 3, 2, 3, 2],
       [4, 3, 4, 4, 3, 0, 5, 6, 1, 0, 2, 3, 4, 2, 3, 5, 6, 1, 1, 4],
       [6, 3, 5, 3, 5, 1, 6, 5, 1, 0, 2, 3, 1, 6, 6, 4, 6, 2, 2, 4]]"
The Forsaken Catacombs of Hana the Awesome,,The Frostfell March,The Black Waste,The Fathomless Sea,,"[[0, 2, 1, 2, 3, 5, 4, 0, 3, 0, 1, 3, 0, 3, 6, 2, 4, 2, 4, 5],
       [6, 6, 0, 1, 2, 3, 0, 5, 5, 0, 4, 6, 3, 5, 0, 2, 1, 0, 2, 0],
       [1, 6, 1, 4, 4, 5, 2, 1, 5, 0, 0, 1, 3, 4, 3, 4, 2, 6, 3, 6],
       [1, 1, 6, 5, 4, 4, 1, 0, 2, 0, 0, 4, 1, 6, 3, 5, 3, 6, 6, 0],
       [0, 0, 0, 0, 0, 0, 0, 0, 0, 0, 0, 0, 0, 0, 0, 0, 0, 0, 0, 0],
       [4, 4, 3, 4, 5, 5, 6, 4, 6, 0, 1, 2, 3, 6, 5, 0, 4, 1, 6, 5],
       [5, 6, 1, 0, 5, 6, 1, 2, 1, 0, 6, 3, 5, 6, 5, 4, 0, 6, 2, 3],
       [2, 1, 0, 6, 5, 5, 6, 4, 5, 0, 4, 2, 5, 2, 5, 3, 4, 4, 1, 5],
       [2, 2, 3, 1, 3, 3, 0, 2, 0, 0, 5, 5, 1, 5, 1, 5, 1, 5, 1, 0],
       [1, 0, 1, 3, 5, 4, 4, 5, 6, 0, 0, 2, 0, 4, 2, 4, 2, 1, 1, 2]]"
The Black Waste,,Nargatharbh,The Majestic Citadel of Gilgezi,Fastow,The Forsaken Catacombs of Hana the Awesome,"[[2, 2, 6, 6, 4, 5, 4, 6, 1, 0, 3, 1, 0, 1, 4, 0, 2, 1, 6, 0],
       [4, 3, 0, 5, 6, 4, 0, 4, 2, 0, 4, 2, 1, 6, 3, 6, 2, 3, 2, 3],
       [2, 4, 5, 5, 0, 0, 6, 6, 0, 0, 5, 0, 1, 2, 1, 2, 0, 0, 6, 1],
       [3, 0, 1, 0, 4, 6, 0, 3, 6, 0, 3, 6, 4, 0, 0, 5, 2, 0, 2, 0],
       [0, 0, 0, 0, 0, 0, 0, 0, 0, 0, 0, 0, 0, 0, 0, 0, 0, 0, 0, 0],
       [2, 0, 1, 3, 6, 2, 5, 5, 3, 0, 4, 1, 0, 0, 3, 0, 4, 2, 0, 5],
       [2, 4, 2, 6, 3, 2, 0, 1, 1, 0, 5, 1, 6, 2, 4, 1, 6, 6, 5, 4],
       [0, 1, 6, 6, 2, 5, 3, 3, 1, 0, 1, 2, 6, 0, 1, 4, 0, 2, 6, 6],
       [6, 4, 5, 3, 2, 4, 2, 0, 6, 0, 5, 0, 0, 2, 2, 5, 0, 2, 3, 1],
       [4, 1, 4, 2, 5, 4, 6, 0, 4, 0, 6, 1, 4, 5, 0, 5, 3, 5, 6, 0]]"
The Majestic Citadel of Gilgezi,,The Forsaken Pit of Agon the Terrible,,The Cyst of Adamant Terror,The Black Waste,"[[6, 2, 0, 1, 5, 1, 2, 4, 1, 0, 4, 6, 2, 2, 0, 4, 1, 1, 5, 6],
       [1, 1, 2, 1, 1, 3, 2, 3, 4, 0, 3, 5, 6, 2, 2, 0, 2, 6, 0, 0],
       [6, 3, 4, 0, 0, 1, 1, 3, 4, 0, 5, 3, 6, 4, 3, 0, 4, 1, 0, 3],
       [5, 4, 6, 3, 5, 6, 3, 3, 1, 0, 2, 0, 2, 3, 2, 5, 2, 0, 1, 5],
       [0, 0, 0, 0, 0, 0, 0, 0, 0, 0, 0, 0, 0, 0, 0, 0, 0, 0, 0, 0],
       [1, 2, 6, 1, 5, 3, 3, 4, 1, 0, 0, 1, 3, 5, 3, 2, 6, 6, 4, 5],
       [5, 2, 1, 6, 5, 3, 2, 4, 1, 0, 4, 6, 2, 2, 2, 0, 1, 1, 5, 5],
       [4, 3, 2, 1, 5, 4, 4, 2, 3, 0, 6, 1, 1, 0, 0, 3, 5, 5, 1, 6],
       [1, 6, 6, 4, 0, 5, 0, 0, 2, 0, 4, 6, 2, 4, 1, 6, 5, 4, 5, 1],
       [1, 4, 6, 5, 5, 6, 3, 3, 2, 0, 3, 0, 6, 4, 4, 6, 5, 1, 0, 5]]"
The Fathomless Sea,,The Forsaken Catacombs of Hana the Awesome,Fastow,The Jungle of Ghosts,,"[[1, 2, 3, 5, 1, 1, 1, 0, 4, 0, 4, 0, 4, 0, 0, 2, 6, 6, 4, 0],
       [2, 4, 0, 6, 4, 6, 3, 1, 1, 0, 4, 4, 3, 3, 1, 5, 6, 4, 5, 3],
       [0, 4, 0, 1, 1, 1, 6, 5, 2, 0, 5, 3, 1, 1, 0, 2, 0, 2, 4, 5],
       [4, 3, 6, 2, 0, 2, 4, 3, 3, 0, 3, 1, 6, 1, 1, 1, 0, 6, 1, 3],
       [0, 0, 0, 0, 0, 0, 0, 0, 0, 0, 0, 0, 0, 0, 0, 0, 0, 0, 0, 0],
       [3, 3, 5, 6, 1, 5, 4, 0, 6, 0, 1, 0, 3, 1, 5, 4, 4, 1, 2, 3],
       [3, 4, 3, 0, 5, 6, 5, 3, 2, 0, 3, 2, 0, 3, 0, 3, 2, 2, 1, 2],
       [0, 2, 0, 3, 1, 6, 1, 6, 4, 0, 3, 3, 2, 3, 3, 1, 3, 4, 2, 1],
       [5, 0, 5, 2, 1, 4, 1, 3, 4, 0, 5, 3, 3, 3, 1, 4, 3, 6, 0, 1],
       [0, 4, 4, 1, 5, 3, 5, 5, 2, 0, 3, 6, 0, 5, 1, 5, 1, 1, 2, 2]]"
Fastow,,The Black Waste,The Cyst of Adamant Terror,,The Fathomless Sea,"[[1, 0, 2, 4, 6, 5, 3, 2, 2, 0, 6, 6, 3, 0, 5, 3, 5, 3, 1, 2],
       [2, 3, 5, 6, 3, 4, 1, 1, 5, 0, 2, 0, 1, 5, 5, 4, 4, 5, 3, 1],
       [5, 0, 4, 4, 1, 5, 0, 6, 0, 0, 3, 4, 6, 6, 1, 5, 3, 3, 5, 2],
       [2, 3, 4, 1, 6, 4, 1, 5, 3, 0, 0, 4, 6, 5, 2, 6, 6, 2, 5, 1],
       [0, 0, 0, 0, 0, 0, 0, 0, 0, 0, 0, 0, 0, 0, 0, 0, 0, 0, 0, 0],
       [0, 6, 5, 4, 3, 0, 0, 3, 0, 0, 6, 1, 2, 5, 5, 5, 1, 5, 2, 2],
       [0, 6, 6, 0, 6, 1, 0, 6, 5, 0, 3, 2, 0, 4, 2, 1, 2, 2, 0, 6],
       [0, 0, 5, 3, 6, 1, 0, 0, 6, 0, 4, 4, 1, 5, 2, 4, 4, 5, 2, 2],
       [6, 5, 1, 6, 0, 2, 2, 1, 2, 0, 2, 5, 4, 4, 5, 0, 4, 0, 5, 3],
       [1, 4, 1, 1, 5, 0, 2, 2, 4, 0, 0, 2, 6, 0, 3, 1, 0, 5, 1, 1]]"
The Cyst of Adamant Terror,,The Majestic Citadel of Gilgezi,,,Fastow,"[[6, 3, 0, 5, 1, 4, 1, 2, 4, 0, 4, 5, 1, 4, 5, 6, 6, 2, 6, 6],
       [4, 3, 6, 0, 6, 5, 6, 4, 3, 0, 5, 5, 1, 5, 2, 4, 2, 5, 4, 0],
       [4, 3, 4, 3, 3, 0, 5, 2, 4, 0, 6, 4, 6, 2, 5, 6, 0, 2, 3, 4],
       [3, 6, 1, 5, 5, 5, 3, 6, 5, 0, 0, 2, 6, 5, 1, 2, 6, 1, 3, 4],
       [0, 0, 0, 0, 0, 0, 0, 0, 0, 0, 0, 0, 0, 0, 0, 0, 0, 0, 0, 0],
       [0, 3, 6, 4, 0, 4, 0, 6, 5, 0, 2, 3, 3, 3, 4, 5, 0, 1, 0, 6],
       [2, 0, 6, 4, 1, 0, 6, 4, 4, 0, 2, 0, 5, 3, 1, 6, 3, 0, 3, 2],
       [6, 6, 1, 3, 5, 6, 0, 4, 0, 0, 0, 6, 1, 6, 5, 0, 3, 5, 5, 4],
       [5, 3, 2, 1, 4, 6, 5, 4, 5, 0, 0, 4, 4, 0, 4, 1, 3, 6, 2, 3],
       [5, 5, 1, 1, 6, 3, 3, 6, 0, 0, 2, 5, 1, 6, 4, 0, 6, 4, 5, 3]]"
The Jungle of Ghosts,,The Fathomless Sea,,,,"[[3, 6, 2, 5, 4, 3, 3, 0, 6, 0, 5, 5, 0, 5, 0, 3, 5, 6, 2, 5],
       [6, 3, 4, 3, 3, 1, 1, 6, 5, 0, 1, 5, 6, 5, 6, 4, 0, 0, 1, 6],
       [0, 1, 2, 0, 4, 0, 1, 1, 2, 0, 0, 1, 5, 5, 0, 2, 4, 1, 0, 2],
       [6, 3, 5, 1, 0, 4, 0, 5, 3, 0, 3, 0, 3, 3, 4, 6, 6, 1, 0, 1],
       [0, 0, 0, 0, 0, 0, 0, 0, 0, 0, 0, 0, 0, 0, 0, 0, 0, 0, 0, 0],
       [2, 0, 3, 6, 2, 1, 6, 6, 2, 0, 4, 5, 2, 4, 3, 6, 0, 6, 5, 1],
       [3, 5, 6, 0, 6, 0, 5, 3, 6, 0, 3, 0, 1, 2, 0, 0, 2, 3, 3, 3],
       [4, 3, 3, 5, 4, 5, 5, 1, 1, 0, 5, 5, 3, 6, 1, 5, 0, 0, 3, 5],
       [2, 3, 2, 6, 1, 5, 5, 6, 1, 0, 6, 0, 6, 0, 2, 3, 6, 2, 1, 5],
       [4, 4, 1, 3, 5, 6, 4, 0, 6, 0, 1, 5, 6, 2, 4, 2, 2, 6, 6, 3]]"